id,date,home_team,away_team,home_score,away_score,tournament,city,country,neutral
1490,1930-07-13,Belgium,United States,0.0,3.0,FIFA World Cup,Montevideo,Uruguay,True
1491,1930-07-13,France,Mexico,4.0,1.0,FIFA World Cup,Montevideo,Uruguay,True
1492,1930-07-14,Brazil,Yugoslavia,1.0,2.0,FIFA World Cup,Montevideo,Uruguay,True
1493,1930-07-14,Peru,Romania,1.0,3.0,FIFA World Cup,Montevideo,Uruguay,True
1494,1930-07-15,Argentina,France,1.0,0.0,FIFA World Cup,Montevideo,Uruguay,True
1495,1930-07-16,Chile,Mexico,3.0,0.0,FIFA World Cup,Montevideo,Uruguay,True
1496,1930-07-17,Bolivia,Yugoslavia,0.0,4.0,FIFA World Cup,Montevideo,Uruguay,True
1497,1930-07-17,Paraguay,United States,0.0,3.0,FIFA World Cup,Montevideo,Uruguay,True
1499,1930-07-18,Uruguay,Peru,1.0,0.0,FIFA World Cup,Montevideo,Uruguay,False
1500,1930-07-19,Argentina,Mexico,6.0,3.0,FIFA World Cup,Montevideo,Uruguay,True
1501,1930-07-19,Chile,France,1.0,0.0,FIFA World Cup,Montevideo,Uruguay,True
1502,1930-07-20,Belgium,Paraguay,0.0,1.0,FIFA World Cup,Montevideo,Uruguay,True
1503,1930-07-20,Bolivia,Brazil,0.0,4.0,FIFA World Cup,Montevideo,Uruguay,True
1504,1930-07-21,Uruguay,Romania,4.0,0.0,FIFA World Cup,Montevideo,Uruguay,False
1505,1930-07-22,Argentina,Chile,3.0,1.0,FIFA World Cup,Montevideo,Uruguay,True
1507,1930-07-26,Argentina,United States,6.0,1.0,FIFA World Cup,Montevideo,Uruguay,True
1508,1930-07-27,Uruguay,Yugoslavia,6.0,1.0,FIFA World Cup,Montevideo,Uruguay,False
1509,1930-07-30,Uruguay,Argentina,4.0,2.0,FIFA World Cup,Montevideo,Uruguay,False
1877,1934-05-27,Argentina,Sweden,2.0,3.0,FIFA World Cup,Bologna,Italy,True
1878,1934-05-27,Austria,France,3.0,2.0,FIFA World Cup,Turin,Italy,True
1879,1934-05-27,Belgium,Germany,2.0,5.0,FIFA World Cup,Florence,Italy,True
1880,1934-05-27,Brazil,Spain,1.0,3.0,FIFA World Cup,Genoa,Italy,True
1881,1934-05-27,Czechoslovakia,Romania,2.0,1.0,FIFA World Cup,Trieste,Italy,True
1882,1934-05-27,Egypt,Hungary,2.0,4.0,FIFA World Cup,Naples,Italy,True
1883,1934-05-27,Italy,United States,7.0,1.0,FIFA World Cup,Rome,Italy,False
1884,1934-05-27,Netherlands,Switzerland,2.0,3.0,FIFA World Cup,Milan,Italy,True
1885,1934-05-31,Austria,Hungary,2.0,1.0,FIFA World Cup,Bologna,Italy,True
1886,1934-05-31,Czechoslovakia,Switzerland,3.0,2.0,FIFA World Cup,Turin,Italy,True
1887,1934-05-31,Germany,Sweden,2.0,1.0,FIFA World Cup,Milan,Italy,True
1888,1934-05-31,Italy,Spain,1.0,1.0,FIFA World Cup,Florence,Italy,False
1889,1934-06-01,Italy,Spain,1.0,0.0,FIFA World Cup,Florence,Italy,False
1890,1934-06-03,Czechoslovakia,Germany,3.0,1.0,FIFA World Cup,Rome,Italy,True
1891,1934-06-03,Italy,Austria,1.0,0.0,FIFA World Cup,Milan,Italy,False
1893,1934-06-07,Austria,Germany,2.0,3.0,FIFA World Cup,Naples,Italy,True
1894,1934-06-10,Italy,Czechoslovakia,2.0,1.0,FIFA World Cup,Rome,Italy,False
2328,1938-06-04,Germany,Switzerland,1.0,1.0,FIFA World Cup,Paris,France,True
2329,1938-06-05,Brazil,Poland,6.0,5.0,FIFA World Cup,Strasbourg,France,True
2330,1938-06-05,Cuba,Romania,3.0,3.0,FIFA World Cup,Toulouse,France,True
2331,1938-06-05,Czechoslovakia,Netherlands,3.0,0.0,FIFA World Cup,Le Havre,France,True
2332,1938-06-05,France,Belgium,3.0,1.0,FIFA World Cup,Colombes,France,False
2333,1938-06-05,Hungary,Indonesia,6.0,0.0,FIFA World Cup,Reims,France,True
2334,1938-06-05,Italy,Norway,2.0,1.0,FIFA World Cup,Marseille,France,True
2335,1938-06-09,Cuba,Romania,2.0,1.0,FIFA World Cup,Toulouse,France,True
2336,1938-06-09,Germany,Switzerland,2.0,4.0,FIFA World Cup,Paris,France,True
2339,1938-06-12,Brazil,Czechoslovakia,1.0,1.0,FIFA World Cup,Bordeaux,France,True
2340,1938-06-12,Cuba,Sweden,0.0,8.0,FIFA World Cup,Antibes,France,True
2341,1938-06-12,France,Italy,1.0,3.0,FIFA World Cup,Colombes,France,False
2342,1938-06-12,Hungary,Switzerland,2.0,0.0,FIFA World Cup,Lille,France,True
2343,1938-06-14,Brazil,Czechoslovakia,2.0,1.0,FIFA World Cup,Bordeaux,France,True
2345,1938-06-16,Brazil,Italy,1.0,2.0,FIFA World Cup,Marseille,France,True
2346,1938-06-16,Hungary,Sweden,5.0,1.0,FIFA World Cup,Paris,France,True
2349,1938-06-19,Brazil,Sweden,4.0,2.0,FIFA World Cup,Bordeaux,France,True
2350,1938-06-19,Hungary,Italy,2.0,4.0,FIFA World Cup,Colombes,France,True
3391,1950-06-24,Brazil,Mexico,4.0,0.0,FIFA World Cup,Rio de Janeiro,Brazil,False
3393,1950-06-25,Chile,England,0.0,2.0,FIFA World Cup,Rio de Janeiro,Brazil,True
3395,1950-06-25,Italy,Sweden,2.0,3.0,FIFA World Cup,São Paulo,Brazil,True
3396,1950-06-25,Spain,United States,3.0,1.0,FIFA World Cup,Curitiba,Brazil,True
3397,1950-06-25,Switzerland,Yugoslavia,0.0,3.0,FIFA World Cup,Belo Horizonte,Brazil,True
3398,1950-06-28,Brazil,Switzerland,2.0,2.0,FIFA World Cup,São Paulo,Brazil,False
3399,1950-06-28,Mexico,Yugoslavia,1.0,4.0,FIFA World Cup,Porto Alegre,Brazil,True
3400,1950-06-29,Chile,Spain,0.0,2.0,FIFA World Cup,Rio de Janeiro,Brazil,True
3401,1950-06-29,England,United States,0.0,1.0,FIFA World Cup,Belo Horizonte,Brazil,True
3402,1950-06-29,Paraguay,Sweden,2.0,2.0,FIFA World Cup,Curitiba,Brazil,True
3403,1950-07-01,Brazil,Yugoslavia,2.0,0.0,FIFA World Cup,Rio de Janeiro,Brazil,False
3405,1950-07-02,Bolivia,Uruguay,0.0,8.0,FIFA World Cup,Belo Horizonte,Brazil,True
3406,1950-07-02,Chile,United States,5.0,2.0,FIFA World Cup,Recife,Brazil,True
3407,1950-07-02,England,Spain,0.0,1.0,FIFA World Cup,Rio de Janeiro,Brazil,True
3408,1950-07-02,Italy,Paraguay,2.0,0.0,FIFA World Cup,São Paulo,Brazil,True
3409,1950-07-02,Mexico,Switzerland,1.0,2.0,FIFA World Cup,Porto Alegre,Brazil,True
3411,1950-07-09,Brazil,Sweden,7.0,1.0,FIFA World Cup,Rio de Janeiro,Brazil,False
3412,1950-07-09,Spain,Uruguay,2.0,2.0,FIFA World Cup,São Paulo,Brazil,True
3415,1950-07-13,Brazil,Spain,6.0,1.0,FIFA World Cup,Rio de Janeiro,Brazil,False
3416,1950-07-13,Sweden,Uruguay,2.0,3.0,FIFA World Cup,São Paulo,Brazil,True
3417,1950-07-16,Brazil,Uruguay,1.0,2.0,FIFA World Cup,Rio de Janeiro,Brazil,False
3418,1950-07-16,Spain,Sweden,1.0,3.0,FIFA World Cup,São Paulo,Brazil,True
3956,1954-06-16,Austria,Scotland,1.0,0.0,FIFA World Cup,Zürich,Switzerland,True
3957,1954-06-16,Brazil,Mexico,5.0,0.0,FIFA World Cup,Geneva,Switzerland,True
3958,1954-06-16,Czechoslovakia,Uruguay,0.0,2.0,FIFA World Cup,Bern,Switzerland,True
3959,1954-06-16,France,Yugoslavia,0.0,1.0,FIFA World Cup,Lausanne,Switzerland,True
3960,1954-06-17,Belgium,England,4.0,4.0,FIFA World Cup,Basel,Switzerland,True
3961,1954-06-17,Germany,Turkey,4.0,1.0,FIFA World Cup,Bern,Switzerland,True
3962,1954-06-17,Hungary,South Korea,9.0,0.0,FIFA World Cup,Zürich,Switzerland,True
3963,1954-06-17,Switzerland,Italy,2.0,1.0,FIFA World Cup,Lausanne,Switzerland,False
3964,1954-06-19,Austria,Czechoslovakia,5.0,0.0,FIFA World Cup,Zürich,Switzerland,True
3965,1954-06-19,Brazil,Yugoslavia,1.0,1.0,FIFA World Cup,Lausanne,Switzerland,True
3966,1954-06-19,France,Mexico,3.0,2.0,FIFA World Cup,Geneva,Switzerland,True
3967,1954-06-19,Scotland,Uruguay,0.0,7.0,FIFA World Cup,Basel,Switzerland,True
3968,1954-06-20,Belgium,Italy,1.0,4.0,FIFA World Cup,Lugano,Switzerland,True
3969,1954-06-20,Germany,Hungary,3.0,8.0,FIFA World Cup,Basel,Switzerland,True
3970,1954-06-20,South Korea,Turkey,0.0,7.0,FIFA World Cup,Geneva,Switzerland,True
3971,1954-06-20,Switzerland,England,0.0,2.0,FIFA World Cup,Bern,Switzerland,False
3972,1954-06-23,Germany,Turkey,7.0,2.0,FIFA World Cup,Zürich,Switzerland,True
3973,1954-06-23,Switzerland,Italy,4.0,1.0,FIFA World Cup,Basel,Switzerland,False
3974,1954-06-26,England,Uruguay,2.0,4.0,FIFA World Cup,Basel,Switzerland,True
3975,1954-06-26,Switzerland,Austria,5.0,7.0,FIFA World Cup,Lausanne,Switzerland,False
3976,1954-06-27,Brazil,Hungary,2.0,4.0,FIFA World Cup,Bern,Switzerland,True
3977,1954-06-27,Germany,Yugoslavia,2.0,0.0,FIFA World Cup,Geneva,Switzerland,True
3978,1954-06-30,Austria,Germany,1.0,6.0,FIFA World Cup,Basel,Switzerland,True
3979,1954-06-30,Hungary,Uruguay,4.0,2.0,FIFA World Cup,Lausanne,Switzerland,True
3980,1954-07-03,Austria,Uruguay,3.0,1.0,FIFA World Cup,Zürich,Switzerland,True
3981,1954-07-04,Germany,Hungary,3.0,2.0,FIFA World Cup,Bern,Switzerland,True
4696,1958-06-08,Argentina,Germany,1.0,3.0,FIFA World Cup,Malmö,Sweden,True
4697,1958-06-08,Austria,Brazil,0.0,3.0,FIFA World Cup,Uddevalla,Sweden,True
4698,1958-06-08,Czechoslovakia,Northern Ireland,0.0,1.0,FIFA World Cup,Halmstad,Sweden,True
4699,1958-06-08,England,Russia,2.0,2.0,FIFA World Cup,Gothenburg,Sweden,True
4700,1958-06-08,France,Paraguay,7.0,3.0,FIFA World Cup,Norrköping,Sweden,True
4701,1958-06-08,Hungary,Wales,1.0,1.0,FIFA World Cup,Sandviken,Sweden,True
4702,1958-06-08,Scotland,Yugoslavia,1.0,1.0,FIFA World Cup,Västerås,Sweden,True
4703,1958-06-08,Sweden,Mexico,3.0,0.0,FIFA World Cup,Solna,Sweden,False
4704,1958-06-11,Argentina,Northern Ireland,3.0,1.0,FIFA World Cup,Halmstad,Sweden,True
4705,1958-06-11,Austria,Russia,0.0,2.0,FIFA World Cup,Borås,Sweden,True
4706,1958-06-11,Brazil,England,0.0,0.0,FIFA World Cup,Gothenburg,Sweden,True
4707,1958-06-11,Czechoslovakia,Germany,2.0,2.0,FIFA World Cup,Helsingborg,Sweden,True
4708,1958-06-11,France,Yugoslavia,2.0,3.0,FIFA World Cup,Västerås,Sweden,True
4709,1958-06-11,Mexico,Wales,1.0,1.0,FIFA World Cup,Solna,Sweden,True
4710,1958-06-11,Paraguay,Scotland,3.0,2.0,FIFA World Cup,Norrköping,Sweden,True
4711,1958-06-12,Sweden,Hungary,2.0,1.0,FIFA World Cup,Solna,Sweden,False
4712,1958-06-15,Argentina,Czechoslovakia,1.0,6.0,FIFA World Cup,Helsingborg,Sweden,True
4713,1958-06-15,Austria,England,2.0,2.0,FIFA World Cup,Borås,Sweden,True
4714,1958-06-15,Brazil,Russia,2.0,0.0,FIFA World Cup,Gothenburg,Sweden,True
4715,1958-06-15,France,Scotland,2.0,1.0,FIFA World Cup,Örebro,Sweden,True
4716,1958-06-15,Germany,Northern Ireland,2.0,2.0,FIFA World Cup,Malmö,Sweden,True
4717,1958-06-15,Hungary,Mexico,4.0,0.0,FIFA World Cup,Sandviken,Sweden,True
4719,1958-06-15,Paraguay,Yugoslavia,3.0,3.0,FIFA World Cup,Eskilstuna,Sweden,True
4720,1958-06-15,Sweden,Wales,0.0,0.0,FIFA World Cup,Solna,Sweden,False
4721,1958-06-17,Czechoslovakia,Northern Ireland,1.0,2.0,FIFA World Cup,Malmö,Sweden,True
4722,1958-06-17,England,Russia,0.0,1.0,FIFA World Cup,Gothenburg,Sweden,True
4723,1958-06-17,Hungary,Wales,1.0,2.0,FIFA World Cup,Solna,Sweden,True
4724,1958-06-19,Brazil,Wales,1.0,0.0,FIFA World Cup,Gothenburg,Sweden,True
4725,1958-06-19,France,Northern Ireland,4.0,0.0,FIFA World Cup,Norrköping,Sweden,True
4726,1958-06-19,Germany,Yugoslavia,1.0,0.0,FIFA World Cup,Malmö,Sweden,True
4727,1958-06-19,Sweden,Russia,2.0,0.0,FIFA World Cup,Solna,Sweden,False
4728,1958-06-24,Brazil,France,5.0,2.0,FIFA World Cup,Solna,Sweden,True
4729,1958-06-24,Sweden,Germany,3.0,1.0,FIFA World Cup,Gothenburg,Sweden,False
4730,1958-06-28,France,Germany,6.0,3.0,FIFA World Cup,Gothenburg,Sweden,True
4733,1958-06-29,Sweden,Brazil,2.0,5.0,FIFA World Cup,Solna,Sweden,False
5501,1962-05-30,Argentina,Bulgaria,1.0,0.0,FIFA World Cup,Rancagua,Chile,True
5502,1962-05-30,Brazil,Mexico,2.0,0.0,FIFA World Cup,Viña del Mar,Chile,True
5503,1962-05-30,Chile,Switzerland,3.0,1.0,FIFA World Cup,Santiago,Chile,False
5504,1962-05-30,Colombia,Uruguay,1.0,2.0,FIFA World Cup,Arica,Chile,True
5505,1962-05-31,Czechoslovakia,Spain,1.0,0.0,FIFA World Cup,Viña del Mar,Chile,True
5506,1962-05-31,England,Hungary,1.0,2.0,FIFA World Cup,Rancagua,Chile,True
5507,1962-05-31,Germany,Italy,0.0,0.0,FIFA World Cup,Santiago,Chile,True
5508,1962-05-31,Russia,Yugoslavia,2.0,0.0,FIFA World Cup,Arica,Chile,True
5509,1962-06-02,Argentina,England,1.0,3.0,FIFA World Cup,Rancagua,Chile,True
5510,1962-06-02,Brazil,Czechoslovakia,0.0,0.0,FIFA World Cup,Viña del Mar,Chile,True
5511,1962-06-02,Chile,Italy,2.0,0.0,FIFA World Cup,Santiago,Chile,False
5513,1962-06-02,Uruguay,Yugoslavia,1.0,3.0,FIFA World Cup,Arica,Chile,True
5514,1962-06-03,Bulgaria,Hungary,1.0,6.0,FIFA World Cup,Rancagua,Chile,True
5515,1962-06-03,Colombia,Russia,4.0,4.0,FIFA World Cup,Arica,Chile,True
5516,1962-06-03,Germany,Switzerland,2.0,1.0,FIFA World Cup,Santiago,Chile,True
5517,1962-06-03,Mexico,Spain,0.0,1.0,FIFA World Cup,Viña del Mar,Chile,True
5520,1962-06-06,Argentina,Hungary,0.0,0.0,FIFA World Cup,Rancagua,Chile,True
5521,1962-06-06,Brazil,Spain,2.0,1.0,FIFA World Cup,Viña del Mar,Chile,True
5522,1962-06-06,Chile,Germany,0.0,2.0,FIFA World Cup,Santiago,Chile,False
5523,1962-06-06,Russia,Uruguay,2.0,1.0,FIFA World Cup,Arica,Chile,True
5524,1962-06-07,Bulgaria,England,0.0,0.0,FIFA World Cup,Rancagua,Chile,True
5525,1962-06-07,Colombia,Yugoslavia,0.0,5.0,FIFA World Cup,Arica,Chile,True
5526,1962-06-07,Czechoslovakia,Mexico,1.0,3.0,FIFA World Cup,Viña del Mar,Chile,True
5527,1962-06-07,Italy,Switzerland,3.0,0.0,FIFA World Cup,Santiago,Chile,True
5529,1962-06-10,Brazil,England,3.0,1.0,FIFA World Cup,Viña del Mar,Chile,True
5530,1962-06-10,Chile,Russia,2.0,1.0,FIFA World Cup,Arica,Chile,False
5531,1962-06-10,Czechoslovakia,Hungary,1.0,0.0,FIFA World Cup,Rancagua,Chile,True
5532,1962-06-10,Germany,Yugoslavia,0.0,1.0,FIFA World Cup,Santiago,Chile,True
5534,1962-06-13,Chile,Brazil,2.0,4.0,FIFA World Cup,Santiago,Chile,False
5535,1962-06-13,Czechoslovakia,Yugoslavia,3.0,1.0,FIFA World Cup,Viña del Mar,Chile,True
5536,1962-06-16,Chile,Yugoslavia,1.0,0.0,FIFA World Cup,Santiago,Chile,False
5537,1962-06-17,Brazil,Czechoslovakia,3.0,1.0,FIFA World Cup,Santiago,Chile,True
6696,1966-07-11,England,Uruguay,0.0,0.0,FIFA World Cup,London,England,False
6697,1966-07-12,Brazil,Bulgaria,2.0,0.0,FIFA World Cup,Liverpool,England,True
6698,1966-07-12,Germany,Switzerland,5.0,0.0,FIFA World Cup,Sheffield,England,True
6699,1966-07-12,North Korea,Russia,0.0,3.0,FIFA World Cup,Middlesbrough,England,True
6700,1966-07-13,Argentina,Spain,2.0,1.0,FIFA World Cup,Birmingham,England,True
6701,1966-07-13,Chile,Italy,0.0,2.0,FIFA World Cup,Sunderland,England,True
6702,1966-07-13,France,Mexico,1.0,1.0,FIFA World Cup,London,England,True
6703,1966-07-13,Hungary,Portugal,1.0,3.0,FIFA World Cup,Manchester,England,True
6704,1966-07-15,Brazil,Hungary,1.0,3.0,FIFA World Cup,Liverpool,England,True
6705,1966-07-15,Chile,North Korea,1.0,1.0,FIFA World Cup,Middlesbrough,England,True
6706,1966-07-15,France,Uruguay,1.0,2.0,FIFA World Cup,London,England,True
6707,1966-07-15,Spain,Switzerland,2.0,1.0,FIFA World Cup,Sheffield,England,True
6708,1966-07-16,Argentina,Germany,0.0,0.0,FIFA World Cup,Birmingham,England,True
6709,1966-07-16,Bulgaria,Portugal,0.0,3.0,FIFA World Cup,Manchester,England,True
6710,1966-07-16,England,Mexico,2.0,0.0,FIFA World Cup,London,England,False
6711,1966-07-16,Italy,Russia,0.0,1.0,FIFA World Cup,Sunderland,England,True
6713,1966-07-19,Argentina,Switzerland,2.0,0.0,FIFA World Cup,Sheffield,England,True
6714,1966-07-19,Brazil,Portugal,1.0,3.0,FIFA World Cup,Liverpool,England,True
6715,1966-07-19,Italy,North Korea,0.0,1.0,FIFA World Cup,Middlesbrough,England,True
6716,1966-07-19,Mexico,Uruguay,0.0,0.0,FIFA World Cup,London,England,True
6717,1966-07-20,Bulgaria,Hungary,1.0,3.0,FIFA World Cup,Manchester,England,True
6718,1966-07-20,Chile,Russia,1.0,2.0,FIFA World Cup,Sunderland,England,True
6719,1966-07-20,England,France,2.0,0.0,FIFA World Cup,London,England,False
6720,1966-07-20,Germany,Spain,2.0,1.0,FIFA World Cup,Birmingham,England,True
6722,1966-07-23,England,Argentina,1.0,0.0,FIFA World Cup,London,England,False
6723,1966-07-23,Germany,Uruguay,4.0,0.0,FIFA World Cup,Sheffield,England,True
6724,1966-07-23,Hungary,Russia,1.0,2.0,FIFA World Cup,Sunderland,England,True
6725,1966-07-23,North Korea,Portugal,3.0,5.0,FIFA World Cup,Liverpool,England,True
6726,1966-07-25,Germany,Russia,2.0,1.0,FIFA World Cup,Liverpool,England,True
6727,1966-07-26,England,Portugal,2.0,1.0,FIFA World Cup,London,England,False
6728,1966-07-28,Portugal,Russia,2.0,1.0,FIFA World Cup,London,England,True
6729,1966-07-30,England,Germany,4.0,2.0,FIFA World Cup,London,England,False
8057,1970-05-31,Mexico,Russia,0.0,0.0,FIFA World Cup,Mexico City,Mexico,False
8058,1970-06-02,Bulgaria,Peru,2.0,3.0,FIFA World Cup,León,Mexico,True
8059,1970-06-02,England,Romania,1.0,0.0,FIFA World Cup,Guadalajara,Mexico,True
8060,1970-06-02,Israel,Uruguay,0.0,2.0,FIFA World Cup,Puebla,Mexico,True
8061,1970-06-03,Belgium,El Salvador,3.0,0.0,FIFA World Cup,Mexico City,Mexico,True
8062,1970-06-03,Brazil,Czechoslovakia,4.0,1.0,FIFA World Cup,Guadalajara,Mexico,True
8064,1970-06-03,Germany,Morocco,2.0,1.0,FIFA World Cup,León,Mexico,True
8065,1970-06-03,Italy,Sweden,1.0,0.0,FIFA World Cup,Toluca,Mexico,True
8066,1970-06-06,Belgium,Russia,1.0,4.0,FIFA World Cup,Mexico City,Mexico,True
8067,1970-06-06,Czechoslovakia,Romania,1.0,2.0,FIFA World Cup,Guadalajara,Mexico,True
8068,1970-06-06,Italy,Uruguay,0.0,0.0,FIFA World Cup,Puebla,Mexico,True
8069,1970-06-06,Morocco,Peru,0.0,3.0,FIFA World Cup,León,Mexico,True
8071,1970-06-07,Brazil,England,1.0,0.0,FIFA World Cup,Guadalajara,Mexico,True
8072,1970-06-07,Bulgaria,Germany,2.0,5.0,FIFA World Cup,León,Mexico,True
8073,1970-06-07,Israel,Sweden,1.0,1.0,FIFA World Cup,Toluca,Mexico,True
8074,1970-06-07,Mexico,El Salvador,4.0,0.0,FIFA World Cup,Mexico City,Mexico,False
8075,1970-06-10,Brazil,Romania,3.0,2.0,FIFA World Cup,Guadalajara,Mexico,True
8076,1970-06-10,El Salvador,Russia,0.0,2.0,FIFA World Cup,Mexico City,Mexico,True
8077,1970-06-10,Germany,Peru,3.0,1.0,FIFA World Cup,León,Mexico,True
8078,1970-06-10,Sweden,Uruguay,1.0,0.0,FIFA World Cup,Puebla,Mexico,True
8079,1970-06-11,Bulgaria,Morocco,1.0,1.0,FIFA World Cup,León,Mexico,True
8080,1970-06-11,Czechoslovakia,England,0.0,1.0,FIFA World Cup,Guadalajara,Mexico,True
8081,1970-06-11,Israel,Italy,0.0,0.0,FIFA World Cup,Toluca,Mexico,True
8082,1970-06-11,Mexico,Belgium,1.0,0.0,FIFA World Cup,Mexico City,Mexico,False
8084,1970-06-14,Brazil,Peru,4.0,2.0,FIFA World Cup,Guadalajara,Mexico,True
8085,1970-06-14,England,Germany,2.0,3.0,FIFA World Cup,León,Mexico,True
8086,1970-06-14,Mexico,Italy,1.0,4.0,FIFA World Cup,Toluca,Mexico,False
8087,1970-06-14,Russia,Uruguay,0.0,1.0,FIFA World Cup,Mexico City,Mexico,True
8088,1970-06-17,Brazil,Uruguay,3.0,1.0,FIFA World Cup,Guadalajara,Mexico,True
8089,1970-06-17,Germany,Italy,3.0,4.0,FIFA World Cup,Mexico City,Mexico,True
8091,1970-06-20,Germany,Uruguay,1.0,0.0,FIFA World Cup,Mexico City,Mexico,True
8093,1970-06-21,Brazil,Italy,4.0,1.0,FIFA World Cup,Mexico City,Mexico,True
9768,1974-06-13,Brazil,Yugoslavia,0.0,0.0,FIFA World Cup,Frankfurt,Germany,True
9769,1974-06-14,DR Congo,Scotland,0.0,2.0,FIFA World Cup,Dortmund,Germany,True
9770,1974-06-14,German DR,Australia,2.0,0.0,FIFA World Cup,Hamburg,Germany,True
9771,1974-06-14,Germany,Chile,1.0,0.0,FIFA World Cup,Berlin,Germany,False
9772,1974-06-15,Italy,Haiti,3.0,1.0,FIFA World Cup,Munich,Germany,True
9773,1974-06-15,Poland,Argentina,3.0,2.0,FIFA World Cup,Stuttgart,Germany,True
9774,1974-06-15,Sweden,Bulgaria,0.0,0.0,FIFA World Cup,Düsseldorf,Germany,True
9775,1974-06-15,Uruguay,Netherlands,0.0,2.0,FIFA World Cup,Hanover,Germany,True
9776,1974-06-18,Chile,German DR,1.0,1.0,FIFA World Cup,Berlin,Germany,True
9777,1974-06-18,Germany,Australia,3.0,0.0,FIFA World Cup,Hamburg,Germany,False
9778,1974-06-18,Scotland,Brazil,0.0,0.0,FIFA World Cup,Frankfurt,Germany,True
9779,1974-06-18,Yugoslavia,DR Congo,9.0,0.0,FIFA World Cup,Gelsenkirchen,Germany,True
9780,1974-06-19,Argentina,Italy,1.0,1.0,FIFA World Cup,Stuttgart,Germany,True
9781,1974-06-19,Bulgaria,Uruguay,1.0,1.0,FIFA World Cup,Hanover,Germany,True
9782,1974-06-19,Haiti,Poland,0.0,7.0,FIFA World Cup,Munich,Germany,True
9783,1974-06-19,Netherlands,Sweden,0.0,0.0,FIFA World Cup,Dortmund,Germany,True
9784,1974-06-22,Australia,Chile,0.0,0.0,FIFA World Cup,Berlin,Germany,True
9785,1974-06-22,DR Congo,Brazil,0.0,3.0,FIFA World Cup,Gelsenkirchen,Germany,True
9786,1974-06-22,Germany,German DR,0.0,1.0,FIFA World Cup,Hamburg,Germany,False
9787,1974-06-22,Scotland,Yugoslavia,1.0,1.0,FIFA World Cup,Frankfurt,Germany,True
9788,1974-06-23,Argentina,Haiti,4.0,1.0,FIFA World Cup,Munich,Germany,True
9789,1974-06-23,Bulgaria,Netherlands,1.0,4.0,FIFA World Cup,Dortmund,Germany,True
9790,1974-06-23,Poland,Italy,2.0,1.0,FIFA World Cup,Stuttgart,Germany,True
9791,1974-06-23,Sweden,Uruguay,3.0,0.0,FIFA World Cup,Düsseldorf,Germany,True
9792,1974-06-26,Brazil,German DR,1.0,0.0,FIFA World Cup,Hanover,Germany,True
9793,1974-06-26,Germany,Yugoslavia,2.0,0.0,FIFA World Cup,Düsseldorf,Germany,False
9795,1974-06-26,Netherlands,Argentina,4.0,0.0,FIFA World Cup,Gelsenkirchen,Germany,True
9796,1974-06-26,Sweden,Poland,0.0,1.0,FIFA World Cup,Stuttgart,Germany,True
9797,1974-06-30,Argentina,Brazil,1.0,2.0,FIFA World Cup,Hanover,Germany,True
9798,1974-06-30,German DR,Netherlands,0.0,2.0,FIFA World Cup,Gelsenkirchen,Germany,True
9799,1974-06-30,Germany,Sweden,4.0,2.0,FIFA World Cup,Düsseldorf,Germany,False
9800,1974-06-30,Poland,Yugoslavia,2.0,1.0,FIFA World Cup,Frankfurt,Germany,True
9801,1974-07-03,Argentina,German DR,1.0,1.0,FIFA World Cup,Gelsenkirchen,Germany,True
9803,1974-07-03,Germany,Poland,1.0,0.0,FIFA World Cup,Frankfurt,Germany,False
9804,1974-07-03,Netherlands,Brazil,2.0,0.0,FIFA World Cup,Dortmund,Germany,True
9805,1974-07-03,Sweden,Yugoslavia,2.0,1.0,FIFA World Cup,Düsseldorf,Germany,True
9807,1974-07-06,Brazil,Poland,0.0,1.0,FIFA World Cup,Munich,Germany,True
9809,1974-07-07,Germany,Netherlands,2.0,1.0,FIFA World Cup,Munich,Germany,False
11381,1978-06-01,Germany,Poland,0.0,0.0,FIFA World Cup,Buenos Aires,Argentina,True
11382,1978-06-02,Argentina,Hungary,2.0,1.0,FIFA World Cup,Buenos Aires,Argentina,False
11383,1978-06-02,France,Italy,1.0,2.0,FIFA World Cup,Mar del Plata,Argentina,True
11384,1978-06-02,Mexico,Tunisia,1.0,3.0,FIFA World Cup,Rosario,Argentina,True
11385,1978-06-03,Austria,Spain,2.0,1.0,FIFA World Cup,Buenos Aires,Argentina,True
11386,1978-06-03,Brazil,Sweden,1.0,1.0,FIFA World Cup,Mar del Plata,Argentina,True
11387,1978-06-03,Iran,Netherlands,0.0,3.0,FIFA World Cup,Mendoza,Argentina,True
11388,1978-06-03,Peru,Scotland,3.0,1.0,FIFA World Cup,Córdoba,Argentina,True
11389,1978-06-06,Argentina,France,2.0,1.0,FIFA World Cup,Buenos Aires,Argentina,False
11390,1978-06-06,Germany,Mexico,6.0,0.0,FIFA World Cup,Córdoba,Argentina,True
11391,1978-06-06,Hungary,Italy,1.0,3.0,FIFA World Cup,Mar del Plata,Argentina,True
11392,1978-06-06,Poland,Tunisia,1.0,0.0,FIFA World Cup,Rosario,Argentina,True
11393,1978-06-07,Austria,Sweden,1.0,0.0,FIFA World Cup,Buenos Aires,Argentina,True
11394,1978-06-07,Brazil,Spain,0.0,0.0,FIFA World Cup,Mar del Plata,Argentina,True
11395,1978-06-07,Iran,Scotland,1.0,1.0,FIFA World Cup,Córdoba,Argentina,True
11396,1978-06-07,Netherlands,Peru,0.0,0.0,FIFA World Cup,Mendoza,Argentina,True
11397,1978-06-10,Argentina,Italy,0.0,1.0,FIFA World Cup,Buenos Aires,Argentina,False
11398,1978-06-10,France,Hungary,3.0,1.0,FIFA World Cup,Mar del Plata,Argentina,True
11399,1978-06-10,Germany,Tunisia,0.0,0.0,FIFA World Cup,Córdoba,Argentina,True
11400,1978-06-10,Mexico,Poland,1.0,3.0,FIFA World Cup,Rosario,Argentina,True
11402,1978-06-11,Austria,Brazil,0.0,1.0,FIFA World Cup,Mar del Plata,Argentina,True
11403,1978-06-11,Iran,Peru,1.0,4.0,FIFA World Cup,Córdoba,Argentina,True
11405,1978-06-11,Netherlands,Scotland,2.0,3.0,FIFA World Cup,Mendoza,Argentina,True
11406,1978-06-11,Spain,Sweden,1.0,0.0,FIFA World Cup,Buenos Aires,Argentina,True
11408,1978-06-14,Argentina,Poland,2.0,0.0,FIFA World Cup,Rosario,Argentina,False
11410,1978-06-14,Austria,Netherlands,1.0,5.0,FIFA World Cup,Córdoba,Argentina,True
11411,1978-06-14,Brazil,Peru,3.0,0.0,FIFA World Cup,Mendoza,Argentina,True
11412,1978-06-14,Germany,Italy,0.0,0.0,FIFA World Cup,Buenos Aires,Argentina,True
11416,1978-06-18,Argentina,Brazil,0.0,0.0,FIFA World Cup,Rosario,Argentina,False
11417,1978-06-18,Austria,Italy,0.0,1.0,FIFA World Cup,Buenos Aires,Argentina,True
11418,1978-06-18,Germany,Netherlands,2.0,2.0,FIFA World Cup,Córdoba,Argentina,True
11420,1978-06-18,Peru,Poland,0.0,1.0,FIFA World Cup,Mendoza,Argentina,True
11421,1978-06-21,Argentina,Peru,6.0,0.0,FIFA World Cup,Rosario,Argentina,False
11422,1978-06-21,Austria,Germany,3.0,2.0,FIFA World Cup,Córdoba,Argentina,True
11423,1978-06-21,Brazil,Poland,3.0,1.0,FIFA World Cup,Mendoza,Argentina,True
11425,1978-06-21,Italy,Netherlands,1.0,2.0,FIFA World Cup,Buenos Aires,Argentina,True
11429,1978-06-24,Brazil,Italy,2.0,1.0,FIFA World Cup,Buenos Aires,Argentina,True
11430,1978-06-25,Argentina,Netherlands,3.0,1.0,FIFA World Cup,Buenos Aires,Argentina,False
13297,1982-06-13,Argentina,Belgium,0.0,1.0,FIFA World Cup,Barcelona,Spain,True
13300,1982-06-14,Brazil,Russia,2.0,1.0,FIFA World Cup,Seville,Spain,True
13301,1982-06-14,Italy,Poland,0.0,0.0,FIFA World Cup,Vigo,Spain,True
13302,1982-06-15,Hungary,El Salvador,10.0,1.0,FIFA World Cup,Elche,Spain,True
13304,1982-06-15,Peru,Cameroon,0.0,0.0,FIFA World Cup,A Coruña,Spain,True
13305,1982-06-15,Scotland,New Zealand,5.0,2.0,FIFA World Cup,Málaga,Spain,True
13306,1982-06-16,England,France,3.0,1.0,FIFA World Cup,Bilbao,Spain,True
13307,1982-06-16,Germany,Algeria,1.0,2.0,FIFA World Cup,Gijón,Spain,True
13308,1982-06-16,Spain,Honduras,1.0,1.0,FIFA World Cup,Valencia,Spain,False
13309,1982-06-17,Chile,Austria,0.0,1.0,FIFA World Cup,Oviedo,Spain,True
13310,1982-06-17,Czechoslovakia,Kuwait,1.0,1.0,FIFA World Cup,Valladolid,Spain,True
13311,1982-06-17,Yugoslavia,Northern Ireland,0.0,0.0,FIFA World Cup,Zaragoza,Spain,True
13312,1982-06-18,Argentina,Hungary,4.0,1.0,FIFA World Cup,Alicante,Spain,True
13313,1982-06-18,Brazil,Scotland,4.0,1.0,FIFA World Cup,Seville,Spain,True
13314,1982-06-18,Italy,Peru,1.0,1.0,FIFA World Cup,Vigo,Spain,True
13315,1982-06-19,Belgium,El Salvador,1.0,0.0,FIFA World Cup,Elche,Spain,True
13316,1982-06-19,Poland,Cameroon,0.0,0.0,FIFA World Cup,A Coruña,Spain,True
13317,1982-06-19,Russia,New Zealand,3.0,0.0,FIFA World Cup,Málaga,Spain,True
13318,1982-06-20,England,Czechoslovakia,2.0,0.0,FIFA World Cup,Bilbao,Spain,True
13319,1982-06-20,Germany,Chile,4.0,1.0,FIFA World Cup,Gijón,Spain,True
13320,1982-06-20,Spain,Yugoslavia,2.0,1.0,FIFA World Cup,Valencia,Spain,False
13321,1982-06-21,Algeria,Austria,0.0,2.0,FIFA World Cup,Oviedo,Spain,True
13322,1982-06-21,France,Kuwait,4.0,1.0,FIFA World Cup,Valladolid,Spain,True
13323,1982-06-21,Honduras,Northern Ireland,1.0,1.0,FIFA World Cup,Zaragoza,Spain,True
13324,1982-06-22,Belgium,Hungary,1.0,1.0,FIFA World Cup,Elche,Spain,True
13325,1982-06-22,Poland,Peru,5.0,1.0,FIFA World Cup,A Coruña,Spain,True
13326,1982-06-22,Russia,Scotland,2.0,2.0,FIFA World Cup,Málaga,Spain,True
13328,1982-06-23,Argentina,El Salvador,2.0,0.0,FIFA World Cup,Alicante,Spain,True
13329,1982-06-23,Brazil,New Zealand,4.0,0.0,FIFA World Cup,Seville,Spain,True
13330,1982-06-23,Italy,Cameroon,1.0,1.0,FIFA World Cup,Vigo,Spain,True
13331,1982-06-24,Algeria,Chile,3.0,2.0,FIFA World Cup,Oviedo,Spain,True
13332,1982-06-24,France,Czechoslovakia,1.0,1.0,FIFA World Cup,Valladolid,Spain,True
13333,1982-06-24,Honduras,Yugoslavia,0.0,1.0,FIFA World Cup,Zaragoza,Spain,True
13334,1982-06-25,England,Kuwait,1.0,0.0,FIFA World Cup,Bilbao,Spain,True
13335,1982-06-25,Germany,Austria,1.0,0.0,FIFA World Cup,Gijón,Spain,True
13336,1982-06-25,Spain,Northern Ireland,0.0,1.0,FIFA World Cup,Valencia,Spain,False
13340,1982-06-28,Austria,France,0.0,1.0,FIFA World Cup,Madrid,Spain,True
13341,1982-06-28,Poland,Belgium,3.0,0.0,FIFA World Cup,Barcelona,Spain,True
13342,1982-06-29,Germany,England,0.0,0.0,FIFA World Cup,Madrid,Spain,True
13343,1982-06-29,Italy,Argentina,2.0,1.0,FIFA World Cup,Barcelona,Spain,True
13344,1982-07-01,Austria,Northern Ireland,2.0,2.0,FIFA World Cup,Madrid,Spain,True
13345,1982-07-01,Belgium,Russia,0.0,1.0,FIFA World Cup,Barcelona,Spain,True
13346,1982-07-02,Argentina,Brazil,1.0,3.0,FIFA World Cup,Barcelona,Spain,True
13347,1982-07-02,Spain,Germany,1.0,2.0,FIFA World Cup,Madrid,Spain,False
13348,1982-07-04,France,Northern Ireland,4.0,1.0,FIFA World Cup,Madrid,Spain,True
13349,1982-07-04,Poland,Russia,0.0,0.0,FIFA World Cup,Barcelona,Spain,True
13350,1982-07-05,Italy,Brazil,3.0,2.0,FIFA World Cup,Barcelona,Spain,True
13351,1982-07-05,Spain,England,0.0,0.0,FIFA World Cup,Madrid,Spain,False
13353,1982-07-08,Germany,France,3.0,3.0,FIFA World Cup,Seville,Spain,True
13355,1982-07-08,Poland,Italy,0.0,2.0,FIFA World Cup,Barcelona,Spain,True
13356,1982-07-10,Poland,France,3.0,2.0,FIFA World Cup,Alicante,Spain,True
13358,1982-07-11,Italy,Germany,3.0,1.0,FIFA World Cup,Madrid,Spain,True
15318,1986-05-31,Bulgaria,Italy,1.0,1.0,FIFA World Cup,Mexico City,Mexico,True
15320,1986-06-01,Canada,France,0.0,1.0,FIFA World Cup,León,Mexico,True
15321,1986-06-01,Spain,Brazil,0.0,1.0,FIFA World Cup,Guadalajara,Mexico,True
15322,1986-06-02,Argentina,South Korea,3.0,1.0,FIFA World Cup,Mexico City,Mexico,True
15323,1986-06-02,Morocco,Poland,0.0,0.0,FIFA World Cup,Monterrey,Mexico,True
15324,1986-06-02,Russia,Hungary,6.0,0.0,FIFA World Cup,Irapuato,Mexico,True
15325,1986-06-03,Algeria,Northern Ireland,1.0,1.0,FIFA World Cup,Guadalajara,Mexico,True
15327,1986-06-03,Mexico,Belgium,2.0,1.0,FIFA World Cup,Mexico City,Mexico,False
15328,1986-06-03,Portugal,England,1.0,0.0,FIFA World Cup,Monterrey,Mexico,True
15330,1986-06-04,Paraguay,Iraq,1.0,0.0,FIFA World Cup,Toluca,Mexico,True
15332,1986-06-04,Scotland,Denmark,0.0,1.0,FIFA World Cup,Nezahualcóyotl,Mexico,True
15333,1986-06-04,Uruguay,Germany,1.0,1.0,FIFA World Cup,Querétaro,Mexico,True
15334,1986-06-05,France,Russia,1.0,1.0,FIFA World Cup,León,Mexico,True
15335,1986-06-05,Italy,Argentina,1.0,1.0,FIFA World Cup,Puebla,Mexico,True
15336,1986-06-05,South Korea,Bulgaria,1.0,1.0,FIFA World Cup,Mexico City,Mexico,True
15337,1986-06-06,Brazil,Algeria,1.0,0.0,FIFA World Cup,Guadalajara,Mexico,True
15338,1986-06-06,England,Morocco,0.0,0.0,FIFA World Cup,Monterrey,Mexico,True
15339,1986-06-06,Hungary,Canada,2.0,0.0,FIFA World Cup,Irapuato,Mexico,True
15341,1986-06-07,Mexico,Paraguay,1.0,1.0,FIFA World Cup,Mexico City,Mexico,False
15343,1986-06-07,Northern Ireland,Spain,1.0,2.0,FIFA World Cup,Guadalajara,Mexico,True
15344,1986-06-07,Poland,Portugal,1.0,0.0,FIFA World Cup,Monterrey,Mexico,True
15345,1986-06-08,Denmark,Uruguay,6.0,1.0,FIFA World Cup,Nezahualcóyotl,Mexico,True
15346,1986-06-08,Germany,Scotland,2.0,1.0,FIFA World Cup,Querétaro,Mexico,True
15347,1986-06-08,Iraq,Belgium,1.0,2.0,FIFA World Cup,Toluca,Mexico,True
15348,1986-06-09,Hungary,France,0.0,3.0,FIFA World Cup,León,Mexico,True
15349,1986-06-09,Russia,Canada,2.0,0.0,FIFA World Cup,Irapuato,Mexico,True
15350,1986-06-10,Argentina,Bulgaria,2.0,0.0,FIFA World Cup,Mexico City,Mexico,True
15351,1986-06-10,South Korea,Italy,2.0,3.0,FIFA World Cup,Puebla,Mexico,True
15352,1986-06-11,England,Poland,3.0,0.0,FIFA World Cup,Monterrey,Mexico,True
15354,1986-06-11,Mexico,Iraq,1.0,0.0,FIFA World Cup,Mexico City,Mexico,False
15355,1986-06-11,Paraguay,Belgium,2.0,2.0,FIFA World Cup,Toluca,Mexico,True
15356,1986-06-11,Portugal,Morocco,1.0,3.0,FIFA World Cup,Guadalajara,Mexico,True
15357,1986-06-12,Algeria,Spain,0.0,3.0,FIFA World Cup,Monterrey,Mexico,True
15358,1986-06-12,Northern Ireland,Brazil,0.0,3.0,FIFA World Cup,Guadalajara,Mexico,True
15359,1986-06-13,Denmark,Germany,2.0,0.0,FIFA World Cup,Querétaro,Mexico,True
15361,1986-06-13,Scotland,Uruguay,0.0,0.0,FIFA World Cup,Nezahualcóyotl,Mexico,True
15362,1986-06-15,Mexico,Bulgaria,2.0,0.0,FIFA World Cup,Mexico City,Mexico,False
15363,1986-06-15,Russia,Belgium,3.0,4.0,FIFA World Cup,León,Mexico,True
15364,1986-06-16,Argentina,Uruguay,1.0,0.0,FIFA World Cup,Puebla,Mexico,True
15365,1986-06-16,Brazil,Poland,4.0,0.0,FIFA World Cup,Guadalajara,Mexico,True
15366,1986-06-17,Italy,France,0.0,2.0,FIFA World Cup,Mexico City,Mexico,True
15367,1986-06-17,Morocco,Germany,0.0,1.0,FIFA World Cup,Monterrey,Mexico,True
15368,1986-06-18,Denmark,Spain,1.0,5.0,FIFA World Cup,Querétaro,Mexico,True
15369,1986-06-18,England,Paraguay,3.0,0.0,FIFA World Cup,Mexico City,Mexico,True
15370,1986-06-21,Brazil,France,1.0,1.0,FIFA World Cup,Guadalajara,Mexico,True
15372,1986-06-21,Mexico,Germany,0.0,0.0,FIFA World Cup,Monterrey,Mexico,False
15373,1986-06-22,Argentina,England,2.0,1.0,FIFA World Cup,Mexico City,Mexico,True
15375,1986-06-22,Spain,Belgium,1.0,1.0,FIFA World Cup,Puebla,Mexico,True
15376,1986-06-25,Argentina,Belgium,2.0,0.0,FIFA World Cup,Mexico City,Mexico,True
15377,1986-06-25,France,Germany,0.0,2.0,FIFA World Cup,Guadalajara,Mexico,True
15378,1986-06-28,France,Belgium,4.0,2.0,FIFA World Cup,Puebla,Mexico,True
15379,1986-06-29,Argentina,Germany,3.0,2.0,FIFA World Cup,Mexico City,Mexico,True
17323,1990-06-08,Argentina,Cameroon,0.0,1.0,FIFA World Cup,Milan,Italy,True
17324,1990-06-09,Italy,Austria,1.0,0.0,FIFA World Cup,Rome,Italy,False
17325,1990-06-09,Russia,Romania,0.0,2.0,FIFA World Cup,Bari,Italy,True
17326,1990-06-09,United Arab Emirates,Colombia,0.0,2.0,FIFA World Cup,Bologna,Italy,True
17328,1990-06-10,Brazil,Sweden,2.0,1.0,FIFA World Cup,Turin,Italy,True
17329,1990-06-10,Germany,Yugoslavia,4.0,1.0,FIFA World Cup,Milan,Italy,True
17330,1990-06-10,United States,Czechoslovakia,1.0,5.0,FIFA World Cup,Florence,Italy,True
17331,1990-06-11,Costa Rica,Scotland,1.0,0.0,FIFA World Cup,Genoa,Italy,True
17332,1990-06-11,England,Republic of Ireland,1.0,1.0,FIFA World Cup,Cagliari,Italy,True
17333,1990-06-12,Belgium,South Korea,2.0,0.0,FIFA World Cup,Verona,Italy,True
17334,1990-06-12,Netherlands,Egypt,1.0,1.0,FIFA World Cup,Palermo,Italy,True
17335,1990-06-13,Argentina,Russia,2.0,0.0,FIFA World Cup,Naples,Italy,True
17336,1990-06-13,Uruguay,Spain,0.0,0.0,FIFA World Cup,Udine,Italy,True
17337,1990-06-14,Cameroon,Romania,2.0,1.0,FIFA World Cup,Bari,Italy,True
17338,1990-06-14,Italy,United States,1.0,0.0,FIFA World Cup,Rome,Italy,False
17339,1990-06-14,Yugoslavia,Colombia,1.0,0.0,FIFA World Cup,Bologna,Italy,True
17340,1990-06-15,Austria,Czechoslovakia,0.0,1.0,FIFA World Cup,Florence,Italy,True
17341,1990-06-15,Germany,United Arab Emirates,5.0,1.0,FIFA World Cup,Milan,Italy,True
17342,1990-06-16,Brazil,Costa Rica,1.0,0.0,FIFA World Cup,Turin,Italy,True
17343,1990-06-16,England,Netherlands,0.0,0.0,FIFA World Cup,Cagliari,Italy,True
17344,1990-06-16,Sweden,Scotland,1.0,2.0,FIFA World Cup,Genoa,Italy,True
17345,1990-06-17,Belgium,Uruguay,3.0,1.0,FIFA World Cup,Verona,Italy,True
17346,1990-06-17,Republic of Ireland,Egypt,0.0,0.0,FIFA World Cup,Palermo,Italy,True
17347,1990-06-17,South Korea,Spain,1.0,3.0,FIFA World Cup,Udine,Italy,True
17348,1990-06-18,Argentina,Romania,1.0,1.0,FIFA World Cup,Naples,Italy,True
17349,1990-06-18,Cameroon,Russia,0.0,4.0,FIFA World Cup,Bari,Italy,True
17350,1990-06-19,Austria,United States,2.0,1.0,FIFA World Cup,Florence,Italy,True
17351,1990-06-19,Germany,Colombia,1.0,1.0,FIFA World Cup,Milan,Italy,True
17352,1990-06-19,Italy,Czechoslovakia,2.0,0.0,FIFA World Cup,Rome,Italy,False
17353,1990-06-19,Yugoslavia,United Arab Emirates,4.0,1.0,FIFA World Cup,Bologna,Italy,True
17354,1990-06-20,Brazil,Scotland,1.0,0.0,FIFA World Cup,Turin,Italy,True
17355,1990-06-20,Sweden,Costa Rica,1.0,2.0,FIFA World Cup,Genoa,Italy,True
17356,1990-06-21,Belgium,Spain,1.0,2.0,FIFA World Cup,Verona,Italy,True
17357,1990-06-21,England,Egypt,1.0,0.0,FIFA World Cup,Cagliari,Italy,True
17358,1990-06-21,Republic of Ireland,Netherlands,1.0,1.0,FIFA World Cup,Palermo,Italy,True
17359,1990-06-21,South Korea,Uruguay,0.0,1.0,FIFA World Cup,Udine,Italy,True
17360,1990-06-23,Cameroon,Colombia,2.0,1.0,FIFA World Cup,Naples,Italy,True
17361,1990-06-23,Czechoslovakia,Costa Rica,4.0,1.0,FIFA World Cup,Bari,Italy,True
17362,1990-06-24,Brazil,Argentina,0.0,1.0,FIFA World Cup,Turin,Italy,True
17363,1990-06-24,Germany,Netherlands,2.0,1.0,FIFA World Cup,Milan,Italy,True
17364,1990-06-25,Republic of Ireland,Romania,0.0,0.0,FIFA World Cup,Genoa,Italy,True
17365,1990-06-25,Italy,Uruguay,2.0,0.0,FIFA World Cup,Rome,Italy,False
17366,1990-06-26,England,Belgium,1.0,0.0,FIFA World Cup,Bologna,Italy,True
17367,1990-06-26,Spain,Yugoslavia,1.0,2.0,FIFA World Cup,Verona,Italy,True
17368,1990-06-30,Italy,Republic of Ireland,1.0,0.0,FIFA World Cup,Rome,Italy,False
17369,1990-06-30,Yugoslavia,Argentina,0.0,0.0,FIFA World Cup,Florence,Italy,True
17370,1990-07-01,Cameroon,England,2.0,3.0,FIFA World Cup,Naples,Italy,True
17371,1990-07-01,Germany,Czechoslovakia,1.0,0.0,FIFA World Cup,Milan,Italy,True
17372,1990-07-03,Italy,Argentina,1.0,1.0,FIFA World Cup,Naples,Italy,False
17373,1990-07-04,Germany,England,1.0,1.0,FIFA World Cup,Turin,Italy,True
17375,1990-07-07,Italy,England,2.0,1.0,FIFA World Cup,Bari,Italy,False
17376,1990-07-08,Germany,Argentina,1.0,0.0,FIFA World Cup,Rome,Italy,True
19765,1994-06-17,Germany,Bolivia,1.0,0.0,FIFA World Cup,Chicago,United States,True
19766,1994-06-17,Spain,South Korea,2.0,2.0,FIFA World Cup,Dallas,United States,True
19767,1994-06-18,Colombia,Romania,1.0,3.0,FIFA World Cup,Pasadena,United States,True
19768,1994-06-18,Italy,Republic of Ireland,0.0,1.0,FIFA World Cup,East Rutherford,United States,True
19769,1994-06-18,United States,Switzerland,1.0,1.0,FIFA World Cup,Pontiac,United States,False
19770,1994-06-19,Belgium,Morocco,1.0,0.0,FIFA World Cup,Orlando,United States,True
19771,1994-06-19,Cameroon,Sweden,2.0,2.0,FIFA World Cup,Pasadena,United States,True
19772,1994-06-19,Norway,Mexico,1.0,0.0,FIFA World Cup,"Washington, D.C.",United States,True
19773,1994-06-20,Brazil,Russia,2.0,0.0,FIFA World Cup,Palo Alto,United States,True
19774,1994-06-20,Netherlands,Saudi Arabia,2.0,1.0,FIFA World Cup,"Washington, D.C.",United States,True
19775,1994-06-21,Argentina,Greece,4.0,0.0,FIFA World Cup,Foxborough,United States,True
19776,1994-06-21,Germany,Spain,1.0,1.0,FIFA World Cup,Chicago,United States,True
19777,1994-06-21,Nigeria,Bulgaria,3.0,0.0,FIFA World Cup,Dallas,United States,True
19778,1994-06-22,Romania,Switzerland,1.0,4.0,FIFA World Cup,Pontiac,United States,True
19779,1994-06-22,United States,Colombia,2.0,1.0,FIFA World Cup,Pasadena,United States,False
19780,1994-06-23,Italy,Norway,1.0,0.0,FIFA World Cup,East Rutherford,United States,True
19781,1994-06-23,South Korea,Bolivia,0.0,0.0,FIFA World Cup,Foxborough,United States,True
19782,1994-06-24,Brazil,Cameroon,3.0,0.0,FIFA World Cup,Palo Alto,United States,True
19783,1994-06-24,Mexico,Republic of Ireland,2.0,1.0,FIFA World Cup,Orlando,United States,True
19784,1994-06-24,Sweden,Russia,3.0,1.0,FIFA World Cup,Pontiac,United States,True
19785,1994-06-25,Argentina,Nigeria,2.0,1.0,FIFA World Cup,Foxborough,United States,True
19786,1994-06-25,Belgium,Netherlands,1.0,0.0,FIFA World Cup,Orlando,United States,True
19787,1994-06-25,Saudi Arabia,Morocco,2.0,1.0,FIFA World Cup,East Rutherford,United States,True
19788,1994-06-26,Bulgaria,Greece,4.0,0.0,FIFA World Cup,Chicago,United States,True
19790,1994-06-26,Switzerland,Colombia,0.0,2.0,FIFA World Cup,Palo Alto,United States,True
19791,1994-06-26,United States,Romania,0.0,1.0,FIFA World Cup,Pasadena,United States,False
19792,1994-06-27,Bolivia,Spain,1.0,3.0,FIFA World Cup,Chicago,United States,True
19793,1994-06-27,Germany,South Korea,3.0,2.0,FIFA World Cup,Dallas,United States,True
19794,1994-06-28,Brazil,Sweden,1.0,1.0,FIFA World Cup,Pontiac,United States,True
19795,1994-06-28,Republic of Ireland,Norway,0.0,0.0,FIFA World Cup,East Rutherford,United States,True
19796,1994-06-28,Italy,Mexico,1.0,1.0,FIFA World Cup,"Washington, D.C.",United States,True
19797,1994-06-28,Russia,Cameroon,6.0,1.0,FIFA World Cup,Palo Alto,United States,True
19798,1994-06-29,Belgium,Saudi Arabia,0.0,1.0,FIFA World Cup,"Washington, D.C.",United States,True
19799,1994-06-29,Morocco,Netherlands,1.0,2.0,FIFA World Cup,Orlando,United States,True
19800,1994-06-30,Argentina,Bulgaria,0.0,2.0,FIFA World Cup,Dallas,United States,True
19801,1994-06-30,Greece,Nigeria,0.0,2.0,FIFA World Cup,Foxborough,United States,True
19803,1994-07-02,Germany,Belgium,3.0,2.0,FIFA World Cup,Chicago,United States,True
19804,1994-07-02,Spain,Switzerland,3.0,0.0,FIFA World Cup,"Washington, D.C.",United States,True
19806,1994-07-03,Romania,Argentina,3.0,2.0,FIFA World Cup,Pasadena,United States,True
19807,1994-07-03,Saudi Arabia,Sweden,1.0,3.0,FIFA World Cup,Dallas,United States,True
19809,1994-07-04,Netherlands,Republic of Ireland,2.0,0.0,FIFA World Cup,Orlando,United States,True
19810,1994-07-04,United States,Brazil,0.0,1.0,FIFA World Cup,Palo Alto,United States,False
19811,1994-07-05,Mexico,Bulgaria,1.0,1.0,FIFA World Cup,East Rutherford,United States,True
19812,1994-07-05,Nigeria,Italy,1.0,2.0,FIFA World Cup,Foxborough,United States,True
19822,1994-07-09,Italy,Spain,2.0,1.0,FIFA World Cup,Foxborough,United States,True
19823,1994-07-09,Netherlands,Brazil,2.0,3.0,FIFA World Cup,Dallas,United States,True
19824,1994-07-10,Bulgaria,Germany,2.0,1.0,FIFA World Cup,East Rutherford,United States,True
19825,1994-07-10,Romania,Sweden,2.0,2.0,FIFA World Cup,Palo Alto,United States,True
19826,1994-07-13,Bulgaria,Italy,1.0,2.0,FIFA World Cup,East Rutherford,United States,True
19827,1994-07-13,Sweden,Brazil,0.0,1.0,FIFA World Cup,Pasadena,United States,True
19830,1994-07-16,Sweden,Bulgaria,4.0,0.0,FIFA World Cup,Pasadena,United States,True
19831,1994-07-17,Brazil,Italy,0.0,0.0,FIFA World Cup,Pasadena,United States,True
22824,1998-06-10,Brazil,Scotland,2.0,1.0,FIFA World Cup,Saint-Denis,France,True
22825,1998-06-10,Morocco,Norway,2.0,2.0,FIFA World Cup,Montpellier,France,True
22826,1998-06-11,Cameroon,Austria,1.0,1.0,FIFA World Cup,Toulouse,France,True
22827,1998-06-11,Italy,Chile,2.0,2.0,FIFA World Cup,Bordeaux,France,True
22828,1998-06-12,France,South Africa,3.0,0.0,FIFA World Cup,Marseille,France,False
22829,1998-06-12,Paraguay,Bulgaria,0.0,0.0,FIFA World Cup,Montpellier,France,True
22830,1998-06-12,Saudi Arabia,Denmark,0.0,1.0,FIFA World Cup,Lens,France,True
22831,1998-06-13,South Korea,Mexico,1.0,3.0,FIFA World Cup,Lyon,France,True
22832,1998-06-13,Netherlands,Belgium,0.0,0.0,FIFA World Cup,Saint-Denis,France,True
22834,1998-06-13,Spain,Nigeria,2.0,3.0,FIFA World Cup,Nantes,France,True
22835,1998-06-14,Argentina,Japan,1.0,0.0,FIFA World Cup,Toulouse,France,True
22836,1998-06-14,Jamaica,Croatia,1.0,3.0,FIFA World Cup,Lens,France,True
22837,1998-06-14,Serbia,Iran,1.0,0.0,FIFA World Cup,Saint-Étienne,France,True
22838,1998-06-15,England,Tunisia,2.0,0.0,FIFA World Cup,Marseille,France,True
22839,1998-06-15,Germany,United States,2.0,0.0,FIFA World Cup,Paris,France,True
22840,1998-06-15,Romania,Colombia,1.0,0.0,FIFA World Cup,Lyon,France,True
22841,1998-06-16,Brazil,Morocco,3.0,0.0,FIFA World Cup,Nantes,France,True
22842,1998-06-16,Scotland,Norway,1.0,1.0,FIFA World Cup,Bordeaux,France,True
22843,1998-06-17,Chile,Austria,1.0,1.0,FIFA World Cup,Saint-Étienne,France,True
22844,1998-06-17,Italy,Cameroon,3.0,0.0,FIFA World Cup,Montpellier,France,True
22845,1998-06-18,France,Saudi Arabia,4.0,0.0,FIFA World Cup,Saint-Denis,France,False
22846,1998-06-18,South Africa,Denmark,1.0,1.0,FIFA World Cup,Toulouse,France,True
22847,1998-06-19,Nigeria,Bulgaria,1.0,0.0,FIFA World Cup,Paris,France,True
22848,1998-06-19,Spain,Paraguay,0.0,0.0,FIFA World Cup,Saint-Étienne,France,True
22849,1998-06-20,Belgium,Mexico,2.0,2.0,FIFA World Cup,Bordeaux,France,True
22850,1998-06-20,Japan,Croatia,0.0,1.0,FIFA World Cup,Nantes,France,True
22851,1998-06-20,Netherlands,South Korea,5.0,0.0,FIFA World Cup,Marseille,France,True
22852,1998-06-21,Argentina,Jamaica,5.0,0.0,FIFA World Cup,Paris,France,True
22853,1998-06-21,Germany,Serbia,2.0,2.0,FIFA World Cup,Lens,France,True
22854,1998-06-21,United States,Iran,1.0,2.0,FIFA World Cup,Lyon,France,True
22855,1998-06-22,Colombia,Tunisia,1.0,0.0,FIFA World Cup,Montpellier,France,True
22857,1998-06-22,Romania,England,2.0,1.0,FIFA World Cup,Toulouse,France,True
22858,1998-06-23,Brazil,Norway,1.0,2.0,FIFA World Cup,Marseille,France,True
22859,1998-06-23,Chile,Cameroon,1.0,1.0,FIFA World Cup,Nantes,France,True
22860,1998-06-23,Italy,Austria,2.0,1.0,FIFA World Cup,Saint-Denis,France,True
22861,1998-06-23,Scotland,Morocco,0.0,3.0,FIFA World Cup,Saint-Étienne,France,True
22863,1998-06-24,France,Denmark,2.0,1.0,FIFA World Cup,Lyon,France,False
22864,1998-06-24,Nigeria,Paraguay,1.0,3.0,FIFA World Cup,Toulouse,France,True
22865,1998-06-24,South Africa,Saudi Arabia,2.0,2.0,FIFA World Cup,Bordeaux,France,True
22866,1998-06-24,Spain,Bulgaria,6.0,1.0,FIFA World Cup,Lens,France,True
22867,1998-06-25,Belgium,South Korea,1.0,1.0,FIFA World Cup,Paris,France,True
22869,1998-06-25,Germany,Iran,2.0,0.0,FIFA World Cup,Montpellier,France,True
22870,1998-06-25,Netherlands,Mexico,2.0,2.0,FIFA World Cup,Saint-Étienne,France,True
22871,1998-06-25,United States,Serbia,0.0,1.0,FIFA World Cup,Nantes,France,True
22872,1998-06-26,Argentina,Croatia,1.0,0.0,FIFA World Cup,Bordeaux,France,True
22874,1998-06-26,Colombia,England,0.0,2.0,FIFA World Cup,Lens,France,True
22875,1998-06-26,Japan,Jamaica,1.0,2.0,FIFA World Cup,Lyon,France,True
22877,1998-06-26,Romania,Tunisia,1.0,1.0,FIFA World Cup,Saint-Denis,France,True
22878,1998-06-27,Brazil,Chile,4.0,1.0,FIFA World Cup,Paris,France,True
22879,1998-06-27,Italy,Norway,1.0,0.0,FIFA World Cup,Marseille,France,True
22882,1998-06-28,France,Paraguay,1.0,0.0,FIFA World Cup,Lens,France,False
22883,1998-06-28,Nigeria,Denmark,1.0,4.0,FIFA World Cup,Saint-Denis,France,True
22884,1998-06-29,Germany,Mexico,2.0,1.0,FIFA World Cup,Montpellier,France,True
22886,1998-06-29,Netherlands,Serbia,2.0,1.0,FIFA World Cup,Toulouse,France,True
22887,1998-06-30,Argentina,England,2.0,2.0,FIFA World Cup,Saint-Étienne,France,True
22888,1998-06-30,Romania,Croatia,0.0,1.0,FIFA World Cup,Bordeaux,France,True
22890,1998-07-03,Brazil,Denmark,3.0,2.0,FIFA World Cup,Nantes,France,True
22891,1998-07-03,France,Italy,0.0,0.0,FIFA World Cup,Saint-Denis,France,False
22892,1998-07-04,Germany,Croatia,0.0,3.0,FIFA World Cup,Lyon,France,True
22893,1998-07-04,Netherlands,Argentina,2.0,1.0,FIFA World Cup,Marseille,France,True
22897,1998-07-07,Brazil,Netherlands,1.0,1.0,FIFA World Cup,Marseille,France,True
22898,1998-07-08,France,Croatia,2.0,1.0,FIFA World Cup,Saint-Denis,France,False
22902,1998-07-11,Netherlands,Croatia,1.0,2.0,FIFA World Cup,Paris,France,True
22903,1998-07-12,France,Brazil,3.0,0.0,FIFA World Cup,Saint-Denis,France,False
26436,2002-05-31,France,Senegal,0.0,1.0,FIFA World Cup,Seoul,South Korea,True
26437,2002-06-01,Germany,Saudi Arabia,8.0,0.0,FIFA World Cup,Sapporo,Japan,True
26438,2002-06-01,Republic of Ireland,Cameroon,1.0,1.0,FIFA World Cup,Niigata,Japan,True
26439,2002-06-01,Uruguay,Denmark,1.0,2.0,FIFA World Cup,Ulsan,South Korea,True
26440,2002-06-02,Argentina,Nigeria,1.0,0.0,FIFA World Cup,Kashima,Japan,True
26441,2002-06-02,England,Sweden,1.0,1.0,FIFA World Cup,Saitama,Japan,True
26442,2002-06-02,Paraguay,South Africa,2.0,2.0,FIFA World Cup,Busan,South Korea,True
26443,2002-06-02,Spain,Slovenia,3.0,1.0,FIFA World Cup,Gwangju,South Korea,True
26444,2002-06-03,Brazil,Turkey,2.0,1.0,FIFA World Cup,Ulsan,South Korea,True
26445,2002-06-03,Croatia,Mexico,0.0,1.0,FIFA World Cup,Niigata,Japan,True
26446,2002-06-03,Italy,Ecuador,2.0,0.0,FIFA World Cup,Sapporo,Japan,True
26447,2002-06-04,China,Costa Rica,0.0,2.0,FIFA World Cup,Gwangju,South Korea,True
26448,2002-06-04,Japan,Belgium,2.0,2.0,FIFA World Cup,Saitama,Japan,False
26449,2002-06-04,South Korea,Poland,2.0,0.0,FIFA World Cup,Busan,South Korea,False
26450,2002-06-05,Germany,Republic of Ireland,1.0,1.0,FIFA World Cup,Kashima,Japan,True
26451,2002-06-05,Russia,Tunisia,2.0,0.0,FIFA World Cup,Kobe,Japan,True
26452,2002-06-05,United States,Portugal,3.0,2.0,FIFA World Cup,Suwon,South Korea,True
26453,2002-06-06,Cameroon,Saudi Arabia,1.0,0.0,FIFA World Cup,Saitama,Japan,True
26454,2002-06-06,Denmark,Senegal,1.0,1.0,FIFA World Cup,Daegu,South Korea,True
26455,2002-06-06,France,Uruguay,0.0,0.0,FIFA World Cup,Busan,South Korea,True
26458,2002-06-07,Argentina,England,0.0,1.0,FIFA World Cup,Sapporo,Japan,True
26459,2002-06-07,Spain,Paraguay,3.0,1.0,FIFA World Cup,Jeonju,South Korea,True
26460,2002-06-07,Sweden,Nigeria,2.0,1.0,FIFA World Cup,Kobe,Japan,True
26461,2002-06-08,Brazil,China,4.0,0.0,FIFA World Cup,Seogwipo,South Korea,True
26462,2002-06-08,Italy,Croatia,1.0,2.0,FIFA World Cup,Kashima,Japan,True
26464,2002-06-08,South Africa,Slovenia,1.0,0.0,FIFA World Cup,Daegu,South Korea,True
26465,2002-06-09,Costa Rica,Turkey,1.0,1.0,FIFA World Cup,Incheon,South Korea,True
26466,2002-06-09,Japan,Russia,1.0,0.0,FIFA World Cup,Yokohama,Japan,False
26468,2002-06-09,Mexico,Ecuador,2.0,1.0,FIFA World Cup,Rifu,Japan,True
26469,2002-06-10,South Korea,United States,1.0,1.0,FIFA World Cup,Daegu,South Korea,False
26470,2002-06-10,Portugal,Poland,4.0,0.0,FIFA World Cup,Jeonju,South Korea,True
26471,2002-06-10,Tunisia,Belgium,1.0,1.0,FIFA World Cup,Ōita,Japan,True
26472,2002-06-11,Cameroon,Germany,0.0,2.0,FIFA World Cup,Fukuroi,Japan,True
26473,2002-06-11,Denmark,France,2.0,0.0,FIFA World Cup,Incheon,South Korea,True
26474,2002-06-11,Saudi Arabia,Republic of Ireland,0.0,3.0,FIFA World Cup,Yokohama,Japan,True
26475,2002-06-11,Senegal,Uruguay,3.0,3.0,FIFA World Cup,Suwon,South Korea,True
26476,2002-06-12,Nigeria,England,0.0,0.0,FIFA World Cup,Osaka,Japan,True
26477,2002-06-12,Slovenia,Paraguay,1.0,3.0,FIFA World Cup,Seogwipo,South Korea,True
26478,2002-06-12,South Africa,Spain,2.0,3.0,FIFA World Cup,Daejeon,South Korea,True
26479,2002-06-12,Sweden,Argentina,1.0,1.0,FIFA World Cup,Rifu,Japan,True
26480,2002-06-13,Costa Rica,Brazil,2.0,5.0,FIFA World Cup,Suwon,South Korea,True
26481,2002-06-13,Ecuador,Croatia,1.0,0.0,FIFA World Cup,Yokohama,Japan,True
26482,2002-06-13,Mexico,Italy,1.0,1.0,FIFA World Cup,Ōita,Japan,True
26483,2002-06-13,Turkey,China,3.0,0.0,FIFA World Cup,Seoul,South Korea,True
26484,2002-06-14,Belgium,Russia,3.0,2.0,FIFA World Cup,Fukuroi,Japan,True
26485,2002-06-14,Japan,Tunisia,2.0,0.0,FIFA World Cup,Osaka,Japan,False
26486,2002-06-14,South Korea,Portugal,1.0,0.0,FIFA World Cup,Incheon,South Korea,False
26487,2002-06-14,Poland,United States,3.0,1.0,FIFA World Cup,Daejeon,South Korea,True
26488,2002-06-15,Denmark,England,0.0,3.0,FIFA World Cup,Niigata,Japan,True
26489,2002-06-15,Germany,Paraguay,1.0,0.0,FIFA World Cup,Seogwipo,South Korea,True
26490,2002-06-16,Spain,Republic of Ireland,1.0,1.0,FIFA World Cup,Suwon,South Korea,True
26491,2002-06-16,Sweden,Senegal,1.0,2.0,FIFA World Cup,Ōita,Japan,True
26492,2002-06-17,Brazil,Belgium,2.0,0.0,FIFA World Cup,Kobe,Japan,True
26493,2002-06-17,Mexico,United States,0.0,2.0,FIFA World Cup,Jeonju,South Korea,True
26494,2002-06-18,Japan,Turkey,0.0,1.0,FIFA World Cup,Rifu,Japan,False
26495,2002-06-18,South Korea,Italy,2.0,1.0,FIFA World Cup,Daejeon,South Korea,False
26496,2002-06-21,England,Brazil,1.0,2.0,FIFA World Cup,Fukuroi,Japan,True
26497,2002-06-21,Germany,United States,1.0,0.0,FIFA World Cup,Ulsan,South Korea,True
26499,2002-06-22,South Korea,Spain,0.0,0.0,FIFA World Cup,Gwangju,South Korea,False
26500,2002-06-22,Senegal,Turkey,0.0,1.0,FIFA World Cup,Osaka,Japan,True
26502,2002-06-25,South Korea,Germany,0.0,1.0,FIFA World Cup,Seoul,South Korea,False
26504,2002-06-26,Brazil,Turkey,1.0,0.0,FIFA World Cup,Saitama,Japan,True
26505,2002-06-29,South Korea,Turkey,2.0,3.0,FIFA World Cup,Daegu,South Korea,False
26507,2002-06-30,Germany,Brazil,0.0,2.0,FIFA World Cup,Yokohama,Japan,True
30037,2006-06-09,Germany,Costa Rica,4.0,2.0,FIFA World Cup,Munich,Germany,False
30038,2006-06-09,Poland,Ecuador,0.0,2.0,FIFA World Cup,Gelsenkirchen,Germany,True
30039,2006-06-10,Argentina,Ivory Coast,2.0,1.0,FIFA World Cup,Hamburg,Germany,True
30040,2006-06-10,England,Paraguay,1.0,0.0,FIFA World Cup,Frankfurt,Germany,True
30041,2006-06-10,Trinidad and Tobago,Sweden,0.0,0.0,FIFA World Cup,Dortmund,Germany,True
30042,2006-06-11,Angola,Portugal,0.0,1.0,FIFA World Cup,Cologne,Germany,True
30043,2006-06-11,Mexico,Iran,3.0,1.0,FIFA World Cup,Nuremberg,Germany,True
30044,2006-06-11,Serbia,Netherlands,0.0,1.0,FIFA World Cup,Leipzig,Germany,True
30045,2006-06-12,Australia,Japan,3.0,1.0,FIFA World Cup,Kaiserslautern,Germany,True
30046,2006-06-12,Italy,Ghana,2.0,0.0,FIFA World Cup,Hanover,Germany,True
30047,2006-06-12,United States,Czech Republic,0.0,3.0,FIFA World Cup,Gelsenkirchen,Germany,True
30048,2006-06-13,Brazil,Croatia,1.0,0.0,FIFA World Cup,Berlin,Germany,True
30049,2006-06-13,France,Switzerland,0.0,0.0,FIFA World Cup,Stuttgart,Germany,True
30050,2006-06-13,South Korea,Togo,2.0,1.0,FIFA World Cup,Frankfurt,Germany,True
30051,2006-06-14,Germany,Poland,1.0,0.0,FIFA World Cup,Dortmund,Germany,False
30052,2006-06-14,Spain,Ukraine,4.0,0.0,FIFA World Cup,Leipzig,Germany,True
30053,2006-06-14,Tunisia,Saudi Arabia,2.0,2.0,FIFA World Cup,Munich,Germany,True
30054,2006-06-15,Ecuador,Costa Rica,3.0,0.0,FIFA World Cup,Hamburg,Germany,True
30055,2006-06-15,England,Trinidad and Tobago,2.0,0.0,FIFA World Cup,Nuremberg,Germany,True
30056,2006-06-15,Sweden,Paraguay,1.0,0.0,FIFA World Cup,Berlin,Germany,True
30057,2006-06-16,Argentina,Serbia,6.0,0.0,FIFA World Cup,Gelsenkirchen,Germany,True
30058,2006-06-16,Mexico,Angola,0.0,0.0,FIFA World Cup,Hanover,Germany,True
30059,2006-06-16,Netherlands,Ivory Coast,2.0,1.0,FIFA World Cup,Stuttgart,Germany,True
30060,2006-06-17,Czech Republic,Ghana,0.0,2.0,FIFA World Cup,Cologne,Germany,True
30061,2006-06-17,Italy,United States,1.0,1.0,FIFA World Cup,Kaiserslautern,Germany,True
30062,2006-06-17,Portugal,Iran,2.0,0.0,FIFA World Cup,Frankfurt,Germany,True
30063,2006-06-18,Brazil,Australia,2.0,0.0,FIFA World Cup,Munich,Germany,True
30064,2006-06-18,France,South Korea,1.0,1.0,FIFA World Cup,Leipzig,Germany,True
30065,2006-06-18,Japan,Croatia,0.0,0.0,FIFA World Cup,Nuremberg,Germany,True
30066,2006-06-19,Saudi Arabia,Ukraine,0.0,4.0,FIFA World Cup,Hamburg,Germany,True
30067,2006-06-19,Spain,Tunisia,3.0,1.0,FIFA World Cup,Stuttgart,Germany,True
30068,2006-06-19,Togo,Switzerland,0.0,2.0,FIFA World Cup,Dortmund,Germany,True
30069,2006-06-20,Costa Rica,Poland,1.0,2.0,FIFA World Cup,Hanover,Germany,True
30070,2006-06-20,Germany,Ecuador,3.0,0.0,FIFA World Cup,Berlin,Germany,False
30071,2006-06-20,Paraguay,Trinidad and Tobago,2.0,0.0,FIFA World Cup,Kaiserslautern,Germany,True
30072,2006-06-20,Sweden,England,2.0,2.0,FIFA World Cup,Cologne,Germany,True
30073,2006-06-21,Iran,Angola,1.0,1.0,FIFA World Cup,Leipzig,Germany,True
30074,2006-06-21,Ivory Coast,Serbia,3.0,2.0,FIFA World Cup,Munich,Germany,True
30075,2006-06-21,Netherlands,Argentina,0.0,0.0,FIFA World Cup,Frankfurt,Germany,True
30076,2006-06-21,Portugal,Mexico,2.0,1.0,FIFA World Cup,Gelsenkirchen,Germany,True
30077,2006-06-22,Croatia,Australia,2.0,2.0,FIFA World Cup,Stuttgart,Germany,True
30078,2006-06-22,Czech Republic,Italy,0.0,2.0,FIFA World Cup,Hamburg,Germany,True
30079,2006-06-22,Ghana,United States,2.0,1.0,FIFA World Cup,Nuremberg,Germany,True
30080,2006-06-22,Japan,Brazil,1.0,4.0,FIFA World Cup,Dortmund,Germany,True
30081,2006-06-23,Saudi Arabia,Spain,0.0,1.0,FIFA World Cup,Kaiserslautern,Germany,True
30082,2006-06-23,Switzerland,South Korea,2.0,0.0,FIFA World Cup,Hanover,Germany,True
30083,2006-06-23,Togo,France,0.0,2.0,FIFA World Cup,Cologne,Germany,True
30084,2006-06-23,Ukraine,Tunisia,1.0,0.0,FIFA World Cup,Berlin,Germany,True
30085,2006-06-24,Argentina,Mexico,2.0,1.0,FIFA World Cup,Leipzig,Germany,True
30086,2006-06-24,Germany,Sweden,2.0,0.0,FIFA World Cup,Munich,Germany,False
30089,2006-06-25,England,Ecuador,1.0,0.0,FIFA World Cup,Stuttgart,Germany,True
30091,2006-06-25,Portugal,Netherlands,1.0,0.0,FIFA World Cup,Nuremberg,Germany,True
30093,2006-06-26,Italy,Australia,1.0,0.0,FIFA World Cup,Kaiserslautern,Germany,True
30095,2006-06-26,Switzerland,Ukraine,0.0,0.0,FIFA World Cup,Cologne,Germany,True
30096,2006-06-27,Brazil,Ghana,3.0,0.0,FIFA World Cup,Dortmund,Germany,True
30097,2006-06-27,Spain,France,1.0,3.0,FIFA World Cup,Hanover,Germany,True
30099,2006-06-30,Germany,Argentina,1.0,1.0,FIFA World Cup,Berlin,Germany,False
30100,2006-06-30,Italy,Ukraine,3.0,0.0,FIFA World Cup,Hamburg,Germany,True
30102,2006-07-01,Brazil,France,0.0,1.0,FIFA World Cup,Frankfurt,Germany,True
30103,2006-07-01,England,Portugal,0.0,0.0,FIFA World Cup,Gelsenkirchen,Germany,True
30105,2006-07-04,Germany,Italy,0.0,2.0,FIFA World Cup,Dortmund,Germany,False
30107,2006-07-05,Portugal,France,0.0,1.0,FIFA World Cup,Munich,Germany,True
30109,2006-07-08,Germany,Portugal,3.0,1.0,FIFA World Cup,Stuttgart,Germany,False
30111,2006-07-09,Italy,France,1.0,1.0,FIFA World Cup,Berlin,Germany,True
33864,2010-06-11,South Africa,Mexico,1.0,1.0,FIFA World Cup,Johannesburg,South Africa,False
33865,2010-06-11,Uruguay,France,0.0,0.0,FIFA World Cup,Cape Town,South Africa,True
33866,2010-06-12,Argentina,Nigeria,1.0,0.0,FIFA World Cup,Johannesburg,South Africa,True
33867,2010-06-12,England,United States,1.0,1.0,FIFA World Cup,Rustenburg,South Africa,True
33868,2010-06-12,South Korea,Greece,2.0,0.0,FIFA World Cup,Port Elizabeth,South Africa,True
33869,2010-06-13,Algeria,Slovenia,0.0,1.0,FIFA World Cup,Polokwane,South Africa,True
33870,2010-06-13,Germany,Australia,4.0,0.0,FIFA World Cup,Durban,South Africa,True
33871,2010-06-13,Serbia,Ghana,0.0,1.0,FIFA World Cup,Pretoria,South Africa,True
33872,2010-06-14,Italy,Paraguay,1.0,1.0,FIFA World Cup,Cape Town,South Africa,True
33873,2010-06-14,Japan,Cameroon,1.0,0.0,FIFA World Cup,Bloemfontein,South Africa,True
33874,2010-06-14,Netherlands,Denmark,2.0,0.0,FIFA World Cup,Johannesburg,South Africa,True
33875,2010-06-15,Brazil,North Korea,2.0,1.0,FIFA World Cup,Johannesburg,South Africa,True
33876,2010-06-15,Ivory Coast,Portugal,0.0,0.0,FIFA World Cup,Port Elizabeth,South Africa,True
33877,2010-06-15,New Zealand,Slovakia,1.0,1.0,FIFA World Cup,Rustenburg,South Africa,True
33878,2010-06-16,Honduras,Chile,0.0,1.0,FIFA World Cup,Nelspruit,South Africa,True
33879,2010-06-16,South Africa,Uruguay,0.0,3.0,FIFA World Cup,Pretoria,South Africa,False
33880,2010-06-16,Spain,Switzerland,0.0,1.0,FIFA World Cup,Durban,South Africa,True
33881,2010-06-17,Argentina,South Korea,4.0,1.0,FIFA World Cup,Johannesburg,South Africa,True
33882,2010-06-17,France,Mexico,0.0,2.0,FIFA World Cup,Polokwane,South Africa,True
33883,2010-06-17,Greece,Nigeria,2.0,1.0,FIFA World Cup,Bloemfontein,South Africa,True
33884,2010-06-18,England,Algeria,0.0,0.0,FIFA World Cup,Cape Town,South Africa,True
33885,2010-06-18,Germany,Serbia,0.0,1.0,FIFA World Cup,Port Elizabeth,South Africa,True
33887,2010-06-18,Slovenia,United States,2.0,2.0,FIFA World Cup,Johannesburg,South Africa,True
33888,2010-06-19,Cameroon,Denmark,1.0,2.0,FIFA World Cup,Pretoria,South Africa,True
33890,2010-06-19,Ghana,Australia,1.0,1.0,FIFA World Cup,Rustenburg,South Africa,True
33891,2010-06-19,Netherlands,Japan,1.0,0.0,FIFA World Cup,Durban,South Africa,True
33894,2010-06-20,Brazil,Ivory Coast,3.0,1.0,FIFA World Cup,Johannesburg,South Africa,True
33895,2010-06-20,Italy,New Zealand,1.0,1.0,FIFA World Cup,Nelspruit,South Africa,True
33897,2010-06-20,Slovakia,Paraguay,0.0,2.0,FIFA World Cup,Bloemfontein,South Africa,True
33899,2010-06-21,Chile,Switzerland,1.0,0.0,FIFA World Cup,Port Elizabeth,South Africa,True
33900,2010-06-21,Portugal,North Korea,7.0,0.0,FIFA World Cup,Cape Town,South Africa,True
33901,2010-06-21,Spain,Honduras,2.0,0.0,FIFA World Cup,Johannesburg,South Africa,True
33902,2010-06-22,Greece,Argentina,0.0,2.0,FIFA World Cup,Polokwane,South Africa,True
33903,2010-06-22,Mexico,Uruguay,0.0,1.0,FIFA World Cup,Rustenburg,South Africa,True
33904,2010-06-22,Nigeria,South Korea,2.0,2.0,FIFA World Cup,Durban,South Africa,True
33905,2010-06-22,South Africa,France,2.0,1.0,FIFA World Cup,Bloemfontein,South Africa,False
33906,2010-06-23,Australia,Serbia,2.0,1.0,FIFA World Cup,Nelspruit,South Africa,True
33907,2010-06-23,Ghana,Germany,0.0,1.0,FIFA World Cup,Johannesburg,South Africa,True
33908,2010-06-23,Slovenia,England,0.0,1.0,FIFA World Cup,Port Elizabeth,South Africa,True
33909,2010-06-23,United States,Algeria,1.0,0.0,FIFA World Cup,Pretoria,South Africa,True
33910,2010-06-24,Cameroon,Netherlands,1.0,2.0,FIFA World Cup,Cape Town,South Africa,True
33911,2010-06-24,Denmark,Japan,1.0,3.0,FIFA World Cup,Rustenburg,South Africa,True
33912,2010-06-24,Paraguay,New Zealand,0.0,0.0,FIFA World Cup,Polokwane,South Africa,True
33913,2010-06-24,Slovakia,Italy,3.0,2.0,FIFA World Cup,Johannesburg,South Africa,True
33914,2010-06-25,Chile,Spain,1.0,2.0,FIFA World Cup,Pretoria,South Africa,True
33915,2010-06-25,North Korea,Ivory Coast,0.0,3.0,FIFA World Cup,Nelspruit,South Africa,True
33916,2010-06-25,Portugal,Brazil,0.0,0.0,FIFA World Cup,Durban,South Africa,True
33917,2010-06-25,Switzerland,Honduras,0.0,0.0,FIFA World Cup,Bloemfontein,South Africa,True
33919,2010-06-26,Uruguay,South Korea,2.0,1.0,FIFA World Cup,Port Elizabeth,South Africa,True
33920,2010-06-26,United States,Ghana,1.0,2.0,FIFA World Cup,Rustenburg,South Africa,True
33921,2010-06-27,Argentina,Mexico,3.0,1.0,FIFA World Cup,Johannesburg,South Africa,True
33922,2010-06-27,Germany,England,4.0,1.0,FIFA World Cup,Bloemfontein,South Africa,True
33923,2010-06-28,Brazil,Chile,3.0,0.0,FIFA World Cup,Johannesburg,South Africa,True
33924,2010-06-28,Netherlands,Slovakia,2.0,1.0,FIFA World Cup,Durban,South Africa,True
33925,2010-06-29,Paraguay,Japan,0.0,0.0,FIFA World Cup,Pretoria,South Africa,True
33926,2010-06-29,Spain,Portugal,1.0,0.0,FIFA World Cup,Cape Town,South Africa,True
33929,2010-07-02,Netherlands,Brazil,2.0,1.0,FIFA World Cup,Port Elizabeth,South Africa,True
33930,2010-07-02,Uruguay,Ghana,1.0,1.0,FIFA World Cup,Johannesburg,South Africa,True
33931,2010-07-03,Argentina,Germany,0.0,4.0,FIFA World Cup,Cape Town,South Africa,True
33932,2010-07-03,Paraguay,Spain,0.0,1.0,FIFA World Cup,Johannesburg,South Africa,True
33934,2010-07-06,Uruguay,Netherlands,2.0,3.0,FIFA World Cup,Cape Town,South Africa,True
33935,2010-07-07,Germany,Spain,0.0,1.0,FIFA World Cup,Durban,South Africa,True
33938,2010-07-10,Uruguay,Germany,2.0,3.0,FIFA World Cup,Port Elizabeth,South Africa,True
33939,2010-07-11,Netherlands,Spain,0.0,1.0,FIFA World Cup,Johannesburg,South Africa,True
37861,2014-06-12,Brazil,Croatia,3.0,1.0,FIFA World Cup,São Paulo,Brazil,False
37862,2014-06-13,Chile,Australia,3.0,1.0,FIFA World Cup,Cuiabá,Brazil,True
37863,2014-06-13,Mexico,Cameroon,1.0,0.0,FIFA World Cup,Natal,Brazil,True
37864,2014-06-13,Spain,Netherlands,1.0,5.0,FIFA World Cup,Salvador,Brazil,True
37865,2014-06-14,Colombia,Greece,3.0,0.0,FIFA World Cup,Belo Horizonte,Brazil,True
37866,2014-06-14,England,Italy,1.0,2.0,FIFA World Cup,Manaus,Brazil,True
37867,2014-06-14,Ivory Coast,Japan,2.0,1.0,FIFA World Cup,Recife,Brazil,True
37868,2014-06-14,Uruguay,Costa Rica,1.0,3.0,FIFA World Cup,Fortaleza,Brazil,True
37869,2014-06-15,Argentina,Bosnia and Herzegovina,2.0,1.0,FIFA World Cup,Rio de Janeiro,Brazil,True
37870,2014-06-15,France,Honduras,3.0,0.0,FIFA World Cup,Porto Alegre,Brazil,True
37871,2014-06-15,Switzerland,Ecuador,2.0,1.0,FIFA World Cup,Brasília,Brazil,True
37872,2014-06-16,Germany,Portugal,4.0,0.0,FIFA World Cup,Salvador,Brazil,True
37873,2014-06-16,Ghana,United States,1.0,2.0,FIFA World Cup,Natal,Brazil,True
37874,2014-06-16,Iran,Nigeria,0.0,0.0,FIFA World Cup,Curitiba,Brazil,True
37875,2014-06-17,Belgium,Algeria,2.0,1.0,FIFA World Cup,Belo Horizonte,Brazil,True
37876,2014-06-17,Brazil,Mexico,0.0,0.0,FIFA World Cup,Fortaleza,Brazil,False
37877,2014-06-17,Russia,South Korea,1.0,1.0,FIFA World Cup,Cuiabá,Brazil,True
37878,2014-06-18,Australia,Netherlands,2.0,3.0,FIFA World Cup,Curitiba,Brazil,True
37879,2014-06-18,Cameroon,Croatia,0.0,4.0,FIFA World Cup,Manaus,Brazil,True
37881,2014-06-18,Spain,Chile,0.0,2.0,FIFA World Cup,Rio de Janeiro,Brazil,True
37882,2014-06-19,Colombia,Ivory Coast,2.0,1.0,FIFA World Cup,Brasília,Brazil,True
37883,2014-06-19,Japan,Greece,0.0,0.0,FIFA World Cup,Natal,Brazil,True
37884,2014-06-19,Uruguay,England,2.0,1.0,FIFA World Cup,São Paulo,Brazil,True
37885,2014-06-20,Honduras,Ecuador,1.0,2.0,FIFA World Cup,Curitiba,Brazil,True
37886,2014-06-20,Italy,Costa Rica,0.0,1.0,FIFA World Cup,Recife,Brazil,True
37887,2014-06-20,Switzerland,France,2.0,5.0,FIFA World Cup,Salvador,Brazil,True
37888,2014-06-21,Argentina,Iran,1.0,0.0,FIFA World Cup,Belo Horizonte,Brazil,True
37889,2014-06-21,Germany,Ghana,2.0,2.0,FIFA World Cup,Fortaleza,Brazil,True
37891,2014-06-21,Nigeria,Bosnia and Herzegovina,1.0,0.0,FIFA World Cup,Cuiabá,Brazil,True
37892,2014-06-22,Belgium,Russia,1.0,0.0,FIFA World Cup,Rio de Janeiro,Brazil,True
37894,2014-06-22,South Korea,Algeria,2.0,4.0,FIFA World Cup,Porto Alegre,Brazil,True
37895,2014-06-22,United States,Portugal,2.0,2.0,FIFA World Cup,Manaus,Brazil,True
37896,2014-06-23,Australia,Spain,0.0,3.0,FIFA World Cup,Curitiba,Brazil,True
37897,2014-06-23,Brazil,Cameroon,4.0,1.0,FIFA World Cup,Brasília,Brazil,False
37898,2014-06-23,Croatia,Mexico,1.0,3.0,FIFA World Cup,Recife,Brazil,True
37899,2014-06-23,Netherlands,Chile,2.0,0.0,FIFA World Cup,São Paulo,Brazil,True
37900,2014-06-24,Costa Rica,England,0.0,0.0,FIFA World Cup,Belo Horizonte,Brazil,True
37901,2014-06-24,Greece,Ivory Coast,2.0,1.0,FIFA World Cup,Fortaleza,Brazil,True
37902,2014-06-24,Italy,Uruguay,0.0,1.0,FIFA World Cup,Natal,Brazil,True
37903,2014-06-24,Japan,Colombia,1.0,4.0,FIFA World Cup,Cuiabá,Brazil,True
37904,2014-06-25,Bosnia and Herzegovina,Iran,3.0,1.0,FIFA World Cup,Salvador,Brazil,True
37905,2014-06-25,Ecuador,France,0.0,0.0,FIFA World Cup,Rio de Janeiro,Brazil,True
37906,2014-06-25,Honduras,Switzerland,0.0,3.0,FIFA World Cup,Manaus,Brazil,True
37908,2014-06-25,Nigeria,Argentina,2.0,3.0,FIFA World Cup,Porto Alegre,Brazil,True
37909,2014-06-26,Algeria,Russia,1.0,1.0,FIFA World Cup,Curitiba,Brazil,True
37910,2014-06-26,South Korea,Belgium,0.0,1.0,FIFA World Cup,São Paulo,Brazil,True
37911,2014-06-26,Portugal,Ghana,2.0,1.0,FIFA World Cup,Brasília,Brazil,True
37912,2014-06-26,United States,Germany,0.0,1.0,FIFA World Cup,Recife,Brazil,True
37913,2014-06-28,Brazil,Chile,1.0,1.0,FIFA World Cup,Belo Horizonte,Brazil,False
37914,2014-06-28,Colombia,Uruguay,2.0,0.0,FIFA World Cup,Rio de Janeiro,Brazil,True
37916,2014-06-29,Costa Rica,Greece,1.0,1.0,FIFA World Cup,Recife,Brazil,True
37917,2014-06-29,Netherlands,Mexico,2.0,1.0,FIFA World Cup,Fortaleza,Brazil,True
37918,2014-06-30,France,Nigeria,2.0,0.0,FIFA World Cup,Brasília,Brazil,True
37919,2014-06-30,Germany,Algeria,2.0,1.0,FIFA World Cup,Porto Alegre,Brazil,True
37920,2014-07-01,Argentina,Switzerland,1.0,0.0,FIFA World Cup,São Paulo,Brazil,True
37921,2014-07-01,Belgium,United States,2.0,1.0,FIFA World Cup,Salvador,Brazil,True
37923,2014-07-04,Brazil,Colombia,2.0,1.0,FIFA World Cup,Fortaleza,Brazil,False
37924,2014-07-04,France,Germany,0.0,1.0,FIFA World Cup,Rio de Janeiro,Brazil,True
37925,2014-07-05,Argentina,Belgium,1.0,0.0,FIFA World Cup,Brasília,Brazil,True
37926,2014-07-05,Netherlands,Costa Rica,0.0,0.0,FIFA World Cup,Salvador,Brazil,True
37928,2014-07-08,Brazil,Germany,1.0,7.0,FIFA World Cup,Belo Horizonte,Brazil,False
37929,2014-07-09,Netherlands,Argentina,0.0,0.0,FIFA World Cup,São Paulo,Brazil,True
37931,2014-07-12,Brazil,Netherlands,0.0,3.0,FIFA World Cup,Brasília,Brazil,False
37933,2014-07-13,Germany,Argentina,1.0,0.0,FIFA World Cup,Rio de Janeiro,Brazil,True
41639,2018-06-14,Russia,Saudi Arabia,5.0,0.0,FIFA World Cup,Moscow,Russia,False
41640,2018-06-15,Egypt,Uruguay,0.0,1.0,FIFA World Cup,Ekaterinburg,Russia,True
41641,2018-06-15,Morocco,Iran,0.0,1.0,FIFA World Cup,Saint Petersburg,Russia,True
41642,2018-06-15,Portugal,Spain,3.0,3.0,FIFA World Cup,Sochi,Russia,True
41643,2018-06-16,France,Australia,2.0,1.0,FIFA World Cup,Kazan,Russia,True
41644,2018-06-16,Argentina,Iceland,1.0,1.0,FIFA World Cup,Moscow,Russia,True
41645,2018-06-16,Peru,Denmark,0.0,1.0,FIFA World Cup,Saransk,Russia,True
41646,2018-06-16,Croatia,Nigeria,2.0,0.0,FIFA World Cup,Kaliningrad,Russia,True
41647,2018-06-17,Costa Rica,Serbia,0.0,1.0,FIFA World Cup,Samara,Russia,True
41648,2018-06-17,Germany,Mexico,0.0,1.0,FIFA World Cup,Moscow,Russia,True
41649,2018-06-17,Brazil,Switzerland,1.0,1.0,FIFA World Cup,Rostov-on-Don,Russia,True
41650,2018-06-18,Sweden,South Korea,1.0,0.0,FIFA World Cup,Nizhny Novgorod,Russia,True
41651,2018-06-18,Belgium,Panama,3.0,0.0,FIFA World Cup,Sochi,Russia,True
41652,2018-06-18,Tunisia,England,1.0,2.0,FIFA World Cup,Volgograd,Russia,True
41653,2018-06-19,Colombia,Japan,1.0,2.0,FIFA World Cup,Saransk,Russia,True
41654,2018-06-19,Poland,Senegal,1.0,2.0,FIFA World Cup,Moscow,Russia,True
41655,2018-06-19,Russia,Egypt,3.0,1.0,FIFA World Cup,Saint Petersburg,Russia,False
41656,2018-06-20,Portugal,Morocco,1.0,0.0,FIFA World Cup,Moscow,Russia,True
41657,2018-06-20,Uruguay,Saudi Arabia,1.0,0.0,FIFA World Cup,Rostov-on-Don,Russia,True
41658,2018-06-20,Iran,Spain,0.0,1.0,FIFA World Cup,Kazan,Russia,True
41659,2018-06-21,Denmark,Australia,1.0,1.0,FIFA World Cup,Samara,Russia,True
41660,2018-06-21,France,Peru,1.0,0.0,FIFA World Cup,Ekaterinburg,Russia,True
41661,2018-06-21,Argentina,Croatia,0.0,3.0,FIFA World Cup,Nizhny Novgorod,Russia,True
41662,2018-06-22,Brazil,Costa Rica,2.0,0.0,FIFA World Cup,Saint Petersburg,Russia,True
41663,2018-06-22,Nigeria,Iceland,2.0,0.0,FIFA World Cup,Volgograd,Russia,True
41664,2018-06-22,Serbia,Switzerland,1.0,2.0,FIFA World Cup,Kaliningrad,Russia,True
41665,2018-06-23,Belgium,Tunisia,5.0,2.0,FIFA World Cup,Moscow,Russia,True
41666,2018-06-23,South Korea,Mexico,1.0,2.0,FIFA World Cup,Rostov-on-Don,Russia,True
41667,2018-06-23,Germany,Sweden,2.0,1.0,FIFA World Cup,Sochi,Russia,True
41668,2018-06-24,England,Panama,6.0,1.0,FIFA World Cup,Nizhny Novgorod,Russia,True
41669,2018-06-24,Japan,Senegal,2.0,2.0,FIFA World Cup,Ekaterinburg,Russia,True
41670,2018-06-24,Poland,Colombia,0.0,3.0,FIFA World Cup,Kazan,Russia,True
41671,2018-06-25,Russia,Uruguay,0.0,3.0,FIFA World Cup,Samara,Russia,False
41672,2018-06-25,Saudi Arabia,Egypt,2.0,1.0,FIFA World Cup,Volgograd,Russia,True
41673,2018-06-25,Spain,Morocco,2.0,2.0,FIFA World Cup,Kaliningrad,Russia,True
41674,2018-06-25,Iran,Portugal,1.0,1.0,FIFA World Cup,Saransk,Russia,True
41675,2018-06-26,Australia,Peru,0.0,2.0,FIFA World Cup,Sochi,Russia,True
41676,2018-06-26,Denmark,France,0.0,0.0,FIFA World Cup,Moscow,Russia,True
41677,2018-06-26,Nigeria,Argentina,1.0,2.0,FIFA World Cup,Saint Petersburg,Russia,True
41678,2018-06-26,Iceland,Croatia,1.0,2.0,FIFA World Cup,Rostov-on-Don,Russia,True
41679,2018-06-27,South Korea,Germany,2.0,0.0,FIFA World Cup,Kazan,Russia,True
41680,2018-06-27,Mexico,Sweden,0.0,3.0,FIFA World Cup,Ekaterinburg,Russia,True
41681,2018-06-27,Serbia,Brazil,0.0,2.0,FIFA World Cup,Moscow,Russia,True
41682,2018-06-27,Switzerland,Costa Rica,2.0,2.0,FIFA World Cup,Nizhny Novgorod,Russia,True
41683,2018-06-28,Japan,Poland,0.0,1.0,FIFA World Cup,Volgograd,Russia,True
41684,2018-06-28,Senegal,Colombia,0.0,1.0,FIFA World Cup,Samara,Russia,True
41685,2018-06-28,Panama,Tunisia,1.0,2.0,FIFA World Cup,Saransk,Russia,True
41686,2018-06-28,England,Belgium,0.0,1.0,FIFA World Cup,Kaliningrad,Russia,True
41687,2018-06-30,France,Argentina,4.0,3.0,FIFA World Cup,Kazan,Russia,True
41688,2018-06-30,Uruguay,Portugal,2.0,1.0,FIFA World Cup,Sochi,Russia,True
41689,2018-07-01,Russia,Spain,1.0,1.0,FIFA World Cup,Moscow,Russia,False
41690,2018-07-01,Croatia,Denmark,1.0,1.0,FIFA World Cup,Nizhny Novgorod,Russia,True
41691,2018-07-02,Brazil,Mexico,2.0,0.0,FIFA World Cup,Samara,Russia,True
41692,2018-07-02,Belgium,Japan,3.0,2.0,FIFA World Cup,Rostov-on-Don,Russia,True
41693,2018-07-03,Sweden,Switzerland,1.0,0.0,FIFA World Cup,Saint Petersburg,Russia,True
41694,2018-07-03,Colombia,England,1.0,1.0,FIFA World Cup,Moscow,Russia,True
41696,2018-07-06,Uruguay,France,0.0,2.0,FIFA World Cup,Nizhny Novgorod,Russia,True
41697,2018-07-06,Brazil,Belgium,1.0,2.0,FIFA World Cup,Kazan,Russia,True
41698,2018-07-07,Sweden,England,0.0,2.0,FIFA World Cup,Samara,Russia,True
41699,2018-07-07,Russia,Croatia,2.0,2.0,FIFA World Cup,Sochi,Russia,False
41700,2018-07-10,France,Belgium,1.0,0.0,FIFA World Cup,Saint Petersburg,Russia,True
41701,2018-07-11,Croatia,England,2.0,1.0,FIFA World Cup,Moscow,Russia,True
41702,2018-07-14,Belgium,England,2.0,0.0,FIFA World Cup,Saint Petersburg,Russia,True
41703,2018-07-15,France,Croatia,4.0,2.0,FIFA World Cup,Moscow,Russia,True
45717,2022-11-20,Qatar,Ecuador,0.0,2.0,FIFA World Cup,Al Khor,Qatar,False
45718,2022-11-21,Senegal,Netherlands,0.0,2.0,FIFA World Cup,Doha,Qatar,True
45719,2022-11-21,England,Iran,6.0,2.0,FIFA World Cup,Al Rayyan,Qatar,True
45720,2022-11-21,United States,Wales,1.0,1.0,FIFA World Cup,Al Rayyan,Qatar,True
45721,2022-11-22,Argentina,Saudi Arabia,1.0,2.0,FIFA World Cup,Lusail,Qatar,True
45722,2022-11-22,Mexico,Poland,0.0,0.0,FIFA World Cup,Doha,Qatar,True
45723,2022-11-22,Denmark,Tunisia,0.0,0.0,FIFA World Cup,Al Rayyan,Qatar,True
45724,2022-11-22,France,Australia,4.0,1.0,FIFA World Cup,Al Wakrah,Qatar,True
45725,2022-11-23,Germany,Japan,1.0,2.0,FIFA World Cup,Al Rayyan,Qatar,True
45726,2022-11-23,Spain,Costa Rica,7.0,0.0,FIFA World Cup,Doha,Qatar,True
45727,2022-11-23,Morocco,Croatia,0.0,0.0,FIFA World Cup,Al Khor,Qatar,True
45728,2022-11-23,Belgium,Canada,1.0,0.0,FIFA World Cup,Al Rayyan,Qatar,True
45729,2022-11-24,Switzerland,Cameroon,1.0,0.0,FIFA World Cup,Al Wakrah,Qatar,True
45730,2022-11-24,Brazil,Serbia,2.0,0.0,FIFA World Cup,Lusail,Qatar,True
45731,2022-11-24,Uruguay,South Korea,0.0,0.0,FIFA World Cup,Al Rayyan,Qatar,True
45732,2022-11-24,Portugal,Ghana,3.0,2.0,FIFA World Cup,Doha,Qatar,True
45733,2022-11-25,Qatar,Senegal,1.0,3.0,FIFA World Cup,Doha,Qatar,False
45734,2022-11-25,Netherlands,Ecuador,1.0,1.0,FIFA World Cup,Al Rayyan,Qatar,True
45735,2022-11-25,Wales,Iran,0.0,2.0,FIFA World Cup,Al Rayyan,Qatar,True
45736,2022-11-25,England,United States,0.0,0.0,FIFA World Cup,Al Khor,Qatar,True
45737,2022-11-26,Poland,Saudi Arabia,2.0,0.0,FIFA World Cup,Al Rayyan,Qatar,True
45738,2022-11-26,Argentina,Mexico,2.0,0.0,FIFA World Cup,Lusail,Qatar,True
45739,2022-11-26,Tunisia,Australia,0.0,1.0,FIFA World Cup,Al Wakrah,Qatar,True
45740,2022-11-26,France,Denmark,2.0,1.0,FIFA World Cup,Doha,Qatar,True
45741,2022-11-27,Japan,Costa Rica,0.0,1.0,FIFA World Cup,Al Rayyan,Qatar,True
45742,2022-11-27,Spain,Germany,1.0,1.0,FIFA World Cup,Al Khor,Qatar,True
45743,2022-11-27,Belgium,Morocco,0.0,2.0,FIFA World Cup,Doha,Qatar,True
45744,2022-11-27,Croatia,Canada,4.0,1.0,FIFA World Cup,Al Rayyan,Qatar,True
45745,2022-11-28,Cameroon,Serbia,3.0,3.0,FIFA World Cup,Al Wakrah,Qatar,True
45746,2022-11-28,Brazil,Switzerland,1.0,0.0,FIFA World Cup,Doha,Qatar,True
45747,2022-11-28,South Korea,Ghana,2.0,3.0,FIFA World Cup,Al Rayyan,Qatar,True
45748,2022-11-28,Portugal,Uruguay,2.0,0.0,FIFA World Cup,Lusail,Qatar,True
45749,2022-11-29,Ecuador,Senegal,1.0,2.0,FIFA World Cup,Al Rayyan,Qatar,True
45750,2022-11-29,Qatar,Netherlands,0.0,2.0,FIFA World Cup,Al Khor,Qatar,False
45751,2022-11-29,Wales,England,0.0,3.0,FIFA World Cup,Al Rayyan,Qatar,True
45752,2022-11-29,Iran,United States,0.0,1.0,FIFA World Cup,Doha,Qatar,True
45753,2022-11-30,Poland,Argentina,0.0,2.0,FIFA World Cup,Doha,Qatar,True
45754,2022-11-30,Saudi Arabia,Mexico,1.0,2.0,FIFA World Cup,Lusail,Qatar,True
45755,2022-11-30,Australia,Denmark,1.0,0.0,FIFA World Cup,Al Wakrah,Qatar,True
45756,2022-11-30,Tunisia,France,1.0,0.0,FIFA World Cup,Al Rayyan,Qatar,True
45757,2022-12-01,Japan,Spain,2.0,1.0,FIFA World Cup,Al Rayyan,Qatar,True
45758,2022-12-01,Costa Rica,Germany,2.0,4.0,FIFA World Cup,Al Khor,Qatar,True
45759,2022-12-01,Croatia,Belgium,0.0,0.0,FIFA World Cup,Al Rayyan,Qatar,True
45760,2022-12-01,Canada,Morocco,1.0,2.0,FIFA World Cup,Doha,Qatar,True
45761,2022-12-02,Serbia,Switzerland,2.0,3.0,FIFA World Cup,Doha,Qatar,True
45762,2022-12-02,Cameroon,Brazil,1.0,0.0,FIFA World Cup,Lusail,Qatar,True
45763,2022-12-02,Ghana,Uruguay,0.0,2.0,FIFA World Cup,Al Wakrah,Qatar,True
45764,2022-12-02,South Korea,Portugal,2.0,1.0,FIFA World Cup,Al Rayyan,Qatar,True
45765,2022-12-03,Netherlands,United States,3.0,1.0,FIFA World Cup,Al Rayyan,Qatar,True
45766,2022-12-03,Argentina,Australia,2.0,1.0,FIFA World Cup,Al Rayyan,Qatar,True
45767,2022-12-04,France,Poland,3.0,1.0,FIFA World Cup,Doha,Qatar,True
45768,2022-12-04,England,Senegal,3.0,0.0,FIFA World Cup,Al Khor,Qatar,True
45769,2022-12-05,Japan,Croatia,1.0,1.0,FIFA World Cup,Al Wakrah,Qatar,True
45770,2022-12-05,Brazil,South Korea,4.0,1.0,FIFA World Cup,Doha,Qatar,True
45771,2022-12-06,Morocco,Spain,0.0,0.0,FIFA World Cup,Al Rayyan,Qatar,True
45772,2022-12-06,Portugal,Switzerland,6.0,1.0,FIFA World Cup,Lusail,Qatar,True
45773,2022-12-09,Croatia,Brazil,1.0,1.0,FIFA World Cup,Al Rayyan,Qatar,True
45774,2022-12-09,Netherlands,Argentina,2.0,2.0,FIFA World Cup,Lusail,Qatar,True
45776,2022-12-10,Morocco,Portugal,1.0,0.0,FIFA World Cup,Doha,Qatar,True
45777,2022-12-10,England,France,1.0,2.0,FIFA World Cup,Al Khor,Qatar,True
45779,2022-12-13,Argentina,Croatia,3.0,0.0,FIFA World Cup,Lusail,Qatar,True
45780,2022-12-14,France,Morocco,2.0,0.0,FIFA World Cup,Al Khor,Qatar,True
45784,2022-12-17,Croatia,Morocco,2.0,1.0,FIFA World Cup,Al Rayyan,Qatar,True
45786,2022-12-18,Argentina,France,3.0,3.0,FIFA World Cup,Lusail,Qatar,True
49405,2026-06-11,Mexico,South Africa,2.0,0.0,FIFA World Cup,Mexico City,Mexico,False
49406,2026-06-11,South Korea,Czech Republic,2.0,1.0,FIFA World Cup,Zapopan,Mexico,True
49407,2026-06-12,Canada,Bosnia and Herzegovina,1.0,1.0,FIFA World Cup,Toronto,Canada,False
49408,2026-06-12,United States,Paraguay,4.0,1.0,FIFA World Cup,Inglewood,United States,False
49409,2026-06-13,Qatar,Switzerland,1.0,1.0,FIFA World Cup,Santa Clara,United States,True
49410,2026-06-13,Brazil,Morocco,1.0,1.0,FIFA World Cup,East Rutherford,United States,True
49411,2026-06-13,Haiti,Scotland,0.0,1.0,FIFA World Cup,Foxborough,United States,True
49412,2026-06-13,Australia,Turkey,2.0,0.0,FIFA World Cup,Vancouver,Canada,True
49413,2026-06-14,Germany,Curaçao,7.0,1.0,FIFA World Cup,Houston,United States,True
49414,2026-06-14,Ivory Coast,Ecuador,1.0,0.0,FIFA World Cup,Philadelphia,United States,True
49415,2026-06-14,Netherlands,Japan,2.0,2.0,FIFA World Cup,Arlington,United States,True
49416,2026-06-14,Sweden,Tunisia,5.0,1.0,FIFA World Cup,Guadalupe,Mexico,True
49417,2026-06-15,Belgium,Egypt,1.0,1.0,FIFA World Cup,Seattle,United States,True
49418,2026-06-15,Iran,New Zealand,2.0,2.0,FIFA World Cup,Inglewood,United States,True
49419,2026-06-15,Spain,Cape Verde,0.0,0.0,FIFA World Cup,Atlanta,United States,True
49420,2026-06-15,Saudi Arabia,Uruguay,1.0,1.0,FIFA World Cup,Miami Gardens,United States,True
49421,2026-06-16,France,Senegal,3.0,1.0,FIFA World Cup,East Rutherford,United States,True
49422,2026-06-16,Iraq,Norway,1.0,4.0,FIFA World Cup,Foxborough,United States,True
49423,2026-06-16,Argentina,Algeria,3.0,0.0,FIFA World Cup,Kansas City,United States,True
49424,2026-06-16,Austria,Jordan,3.0,1.0,FIFA World Cup,Santa Clara,United States,True
49425,2026-06-17,Portugal,DR Congo,1.0,1.0,FIFA World Cup,Houston,United States,True
49426,2026-06-17,Uzbekistan,Colombia,1.0,3.0,FIFA World Cup,Mexico City,Mexico,True
49427,2026-06-17,England,Croatia,4.0,2.0,FIFA World Cup,Arlington,United States,True
49428,2026-06-17,Ghana,Panama,1.0,0.0,FIFA World Cup,Toronto,Canada,True
49429,2026-06-18,Czech Republic,South Africa,1.0,1.0,FIFA World Cup,Atlanta,United States,True
49430,2026-06-18,Mexico,South Korea,1.0,0.0,FIFA World Cup,Zapopan,Mexico,False
49431,2026-06-18,Switzerland,Bosnia and Herzegovina,4.0,1.0,FIFA World Cup,Inglewood,United States,True
49432,2026-06-18,Canada,Qatar,6.0,0.0,FIFA World Cup,Vancouver,Canada,False
49433,2026-06-19,Scotland,Morocco,0.0,1.0,FIFA World Cup,Foxborough,United States,True
49434,2026-06-19,Brazil,Haiti,3.0,0.0,FIFA World Cup,Philadelphia,United States,True
49435,2026-06-19,United States,Australia,2.0,0.0,FIFA World Cup,Seattle,United States,False
49436,2026-06-19,Turkey,Paraguay,0.0,1.0,FIFA World Cup,Santa Clara,United States,True
49437,2026-06-20,Germany,Ivory Coast,2.0,1.0,FIFA World Cup,Toronto,Canada,True
49438,2026-06-20,Ecuador,Curaçao,0.0,0.0,FIFA World Cup,Kansas City,United States,True
49439,2026-06-20,Netherlands,Sweden,5.0,1.0,FIFA World Cup,Houston,United States,True
49440,2026-06-20,Tunisia,Japan,0.0,4.0,FIFA World Cup,Guadalupe,Mexico,True
49441,2026-06-21,Belgium,Iran,0.0,0.0,FIFA World Cup,Inglewood,United States,True
49442,2026-06-21,New Zealand,Egypt,1.0,3.0,FIFA World Cup,Vancouver,Canada,True
49443,2026-06-21,Spain,Saudi Arabia,4.0,0.0,FIFA World Cup,Atlanta,United States,True
49444,2026-06-21,Uruguay,Cape Verde,2.0,2.0,FIFA World Cup,Miami Gardens,United States,True
49445,2026-06-22,France,Iraq,3.0,0.0,FIFA World Cup,Philadelphia,United States,True
49446,2026-06-22,Norway,Senegal,3.0,2.0,FIFA World Cup,East Rutherford,United States,True
49447,2026-06-22,Argentina,Austria,2.0,0.0,FIFA World Cup,Arlington,United States,True
49448,2026-06-22,Jordan,Algeria,1.0,2.0,FIFA World Cup,Santa Clara,United States,True
49449,2026-06-23,Portugal,Uzbekistan,5.0,0.0,FIFA World Cup,Houston,United States,True
49450,2026-06-23,Colombia,DR Congo,1.0,0.0,FIFA World Cup,Zapopan,Mexico,True
49451,2026-06-23,England,Ghana,0.0,0.0,FIFA World Cup,Foxborough,United States,True
49452,2026-06-23,Panama,Croatia,0.0,1.0,FIFA World Cup,Toronto,Canada,True
49453,2026-06-24,Mexico,Czech Republic,3.0,0.0,FIFA World Cup,Mexico City,Mexico,False
49454,2026-06-24,South Africa,South Korea,1.0,0.0,FIFA World Cup,Guadalupe,Mexico,True
49455,2026-06-24,Canada,Switzerland,1.0,2.0,FIFA World Cup,Vancouver,Canada,False
49456,2026-06-24,Bosnia and Herzegovina,Qatar,3.0,1.0,FIFA World Cup,Seattle,United States,True
49457,2026-06-24,Scotland,Brazil,0.0,3.0,FIFA World Cup,Miami Gardens,United States,True
49458,2026-06-24,Morocco,Haiti,4.0,2.0,FIFA World Cup,Atlanta,United States,True
49459,2026-06-25,United States,Turkey,2.0,3.0,FIFA World Cup,Inglewood,United States,False
49460,2026-06-25,Paraguay,Australia,0.0,0.0,FIFA World Cup,Santa Clara,United States,True
49461,2026-06-25,Curaçao,Ivory Coast,0.0,2.0,FIFA World Cup,Philadelphia,United States,True
49462,2026-06-25,Ecuador,Germany,2.0,1.0,FIFA World Cup,East Rutherford,United States,True
49463,2026-06-25,Japan,Sweden,1.0,1.0,FIFA World Cup,Arlington,United States,True
49464,2026-06-25,Tunisia,Netherlands,1.0,3.0,FIFA World Cup,Kansas City,United States,True
49465,2026-06-26,Egypt,Iran,1.0,1.0,FIFA World Cup,Seattle,United States,True
49466,2026-06-26,New Zealand,Belgium,1.0,5.0,FIFA World Cup,Vancouver,Canada,True
49467,2026-06-26,Cape Verde,Saudi Arabia,0.0,0.0,FIFA World Cup,Houston,United States,True
49468,2026-06-26,Uruguay,Spain,0.0,1.0,FIFA World Cup,Zapopan,Mexico,True
49469,2026-06-26,Norway,France,1.0,4.0,FIFA World Cup,Foxborough,United States,True
49470,2026-06-26,Senegal,Iraq,5.0,0.0,FIFA World Cup,Toronto,Canada,True
49471,2026-06-27,Algeria,Austria,3.0,3.0,FIFA World Cup,Kansas City,United States,True
49472,2026-06-27,Jordan,Argentina,1.0,3.0,FIFA World Cup,Arlington,United States,True
49473,2026-06-27,Colombia,Portugal,0.0,0.0,FIFA World Cup,Miami Gardens,United States,True
49474,2026-06-27,DR Congo,Uzbekistan,3.0,1.0,FIFA World Cup,Atlanta,United States,True
49475,2026-06-27,Panama,England,0.0,2.0,FIFA World Cup,East Rutherford,United States,True
49476,2026-06-27,Croatia,Ghana,2.0,1.0,FIFA World Cup,Philadelphia,United States,True
49477,2026-06-28,South Africa,Canada,0.0,1.0,FIFA World Cup,Inglewood,United States,True
49478,2026-06-29,Brazil,Japan,2.0,1.0,FIFA World Cup,Houston,United States,True
49479,2026-06-29,Germany,Paraguay,1.0,1.0,FIFA World Cup,Foxborough,United States,True
49480,2026-06-29,Netherlands,Morocco,1.0,1.0,FIFA World Cup,Guadalupe,Mexico,True
49481,2026-06-30,Ivory Coast,Norway,1.0,2.0,FIFA World Cup,Arlington,United States,True
49482,2026-06-30,France,Sweden,3.0,0.0,FIFA World Cup,East Rutherford,United States,True
49483,2026-06-30,Mexico,Ecuador,2.0,0.0,FIFA World Cup,Mexico City,Mexico,False
49484,2026-07-01,England,DR Congo,2.0,1.0,FIFA World Cup,Atlanta,United States,True
49485,2026-07-01,Belgium,Senegal,3.0,2.0,FIFA World Cup,Seattle,United States,True
49486,2026-07-01,United States,Bosnia and Herzegovina,2.0,0.0,FIFA World Cup,Santa Clara,United States,False
49487,2026-07-02,Spain,Austria,,,FIFA World Cup,Inglewood,United States,True
49488,2026-07-02,Portugal,Croatia,,,FIFA World Cup,Toronto,Canada,True
49489,2026-07-02,Switzerland,Algeria,,,FIFA World Cup,Vancouver,Canada,True
49490,2026-07-03,Australia,Egypt,,,FIFA World Cup,Arlington,United States,True
49491,2026-07-03,Argentina,Cape Verde,,,FIFA World Cup,Miami Gardens,United States,True
49492,2026-07-03,Colombia,Ghana,,,FIFA World Cup,Kansas City,United States,True
49493,2026-07-04,Canada,Morocco,,,FIFA World Cup,Houston,United States,True
49494,2026-07-04,Paraguay,France,,,FIFA World Cup,Philadelphia,United States,True
49495,2026-07-05,Brazil,Norway,,,FIFA World Cup,East Rutherford,United States,True
49496,2026-07-05,Mexico,England,,,FIFA World Cup,Mexico City,Mexico,False
49497,2026-07-06,United States,Belgium,,,FIFA World Cup,Seattle,United States,False
